id,cmp_id,source_name,source_type,source_url,source_doi,source_version,cation,anion,solvent,Concentration (mol/kg)
exp-1,,OEDB experimental Raman,experimental_raman_index,https://oedb.jp,10.1038/s41524-026-02093-y,2026-05-11,Li,BF4,AN,0.0
exp-2,,OEDB experimental Raman,experimental_raman_index,https://oedb.jp,10.1038/s41524-026-02093-y,2026-05-11,Li,BF4,AN,0.25
exp-3,2081.0,OEDB experimental Raman,experimental_raman_index,https://oedb.jp,10.1038/s41524-026-02093-y,2026-05-11,Li,BF4,AN,0.5
exp-4,,OEDB experimental Raman,experimental_raman_index,https://oedb.jp,10.1038/s41524-026-02093-y,2026-05-11,Li,BF4,AN,0.75
exp-5,2082.0,OEDB experimental Raman,experimental_raman_index,https://oedb.jp,10.1038/s41524-026-02093-y,2026-05-11,Li,BF4,AN,1.0
exp-6,,OEDB experimental Raman,experimental_raman_index,https://oedb.jp,10.1038/s41524-026-02093-y,2026-05-11,Li,BF4,AN,1.25
exp-7,2083.0,OEDB experimental Raman,experimental_raman_index,https://oedb.jp,10.1038/s41524-026-02093-y,2026-05-11,Li,BF4,AN,1.5
exp-8,,OEDB experimental Raman,experimental_raman_index,https://oedb.jp,10.1038/s41524-026-02093-y,2026-05-11,Li,BF4,AN,1.75
exp-9,2084.0,OEDB experimental Raman,experimental_raman_index,https://oedb.jp,10.1038/s41524-026-02093-y,2026-05-11,Li,BF4,AN,2.0
exp-10,,OEDB experimental Raman,experimental_raman_index,https://oedb.jp,10.1038/s41524-026-02093-y,2026-05-11,Li,BF4,AN,2.25
exp-11,2085.0,OEDB experimental Raman,experimental_raman_index,https://oedb.jp,10.1038/s41524-026-02093-y,2026-05-11,Li,BF4,AN,2.5
exp-12,,OEDB experimental Raman,experimental_raman_index,https://oedb.jp,10.1038/s41524-026-02093-y,2026-05-11,Li,BF4,AN,2.75
exp-13,2086.0,OEDB experimental Raman,experimental_raman_index,https://oedb.jp,10.1038/s41524-026-02093-y,2026-05-11,Li,BF4,AN,3.0
exp-14,,OEDB experimental Raman,experimental_raman_index,https://oedb.jp,10.1038/s41524-026-02093-y,2026-05-11,Li,BF4,AN,3.25
exp-15,2087.0,OEDB experimental Raman,experimental_raman_index,https://oedb.jp,10.1038/s41524-026-02093-y,2026-05-11,Li,BF4,AN,3.5
exp-16,,OEDB experimental Raman,experimental_raman_index,https://oedb.jp,10.1038/s41524-026-02093-y,2026-05-11,Li,BF4,Ac,0.0
exp-17,,OEDB experimental Raman,experimental_raman_index,https://oedb.jp,10.1038/s41524-026-02093-y,2026-05-11,Li,BF4,Ac,0.25
exp-18,2097.0,OEDB experimental Raman,experimental_raman_index,https://oedb.jp,10.1038/s41524-026-02093-y,2026-05-11,Li,BF4,Ac,0.5
exp-19,,OEDB experimental Raman,experimental_raman_index,https://oedb.jp,10.1038/s41524-026-02093-y,2026-05-11,Li,BF4,Ac,0.75
exp-20,2098.0,OEDB experimental Raman,experimental_raman_index,https://oedb.jp,10.1038/s41524-026-02093-y,2026-05-11,Li,BF4,Ac,1.0
exp-21,,OEDB experimental Raman,experimental_raman_index,https://oedb.jp,10.1038/s41524-026-02093-y,2026-05-11,Li,BF4,Ac,1.25
exp-22,2099.0,OEDB experimental Raman,experimental_raman_index,https://oedb.jp,10.1038/s41524-026-02093-y,2026-05-11,Li,BF4,Ac,1.5
exp-23,,OEDB experimental Raman,experimental_raman_index,https://oedb.jp,10.1038/s41524-026-02093-y,2026-05-11,Li,BF4,Ac,1.75
exp-24,2100.0,OEDB experimental Raman,experimental_raman_index,https://oedb.jp,10.1038/s41524-026-02093-y,2026-05-11,Li,BF4,Ac,2.0
exp-25,,OEDB experimental Raman,experimental_raman_index,https://oedb.jp,10.1038/s41524-026-02093-y,2026-05-11,Li,BF4,Ac,2.25
exp-26,2101.0,OEDB experimental Raman,experimental_raman_index,https://oedb.jp,10.1038/s41524-026-02093-y,2026-05-11,Li,BF4,Ac,2.5
exp-27,,OEDB experimental Raman,experimental_raman_index,https://oedb.jp,10.1038/s41524-026-02093-y,2026-05-11,Li,BF4,Ac,2.75
exp-28,2102.0,OEDB experimental Raman,experimental_raman_index,https://oedb.jp,10.1038/s41524-026-02093-y,2026-05-11,Li,BF4,Ac,3.0
exp-29,,OEDB experimental Raman,experimental_raman_index,https://oedb.jp,10.1038/s41524-026-02093-y,2026-05-11,Li,BF4,Ac,3.25
exp-30,2103.0,OEDB experimental Raman,experimental_raman_index,https://oedb.jp,10.1038/s41524-026-02093-y,2026-05-11,Li,BF4,Ac,3.5
exp-31,,OEDB experimental Raman,experimental_raman_index,https://oedb.jp,10.1038/s41524-026-02093-y,2026-05-11,Li,BF4,DMC,0.0
exp-32,,OEDB experimental Raman,experimental_raman_index,https://oedb.jp,10.1038/s41524-026-02093-y,2026-05-11,Li,BF4,DMC,0.25
exp-33,2121.0,OEDB experimental Raman,experimental_raman_index,https://oedb.jp,10.1038/s41524-026-02093-y,2026-05-11,Li,BF4,DMC,0.5
exp-34,,OEDB experimental Raman,experimental_raman_index,https://oedb.jp,10.1038/s41524-026-02093-y,2026-05-11,Li,BF4,DMC,0.75
exp-35,2122.0,OEDB experimental Raman,experimental_raman_index,https://oedb.jp,10.1038/s41524-026-02093-y,2026-05-11,Li,BF4,DMC,1.0
exp-36,,OEDB experimental Raman,experimental_raman_index,https://oedb.jp,10.1038/s41524-026-02093-y,2026-05-11,Li,BF4,DMC,1.25
exp-37,2123.0,OEDB experimental Raman,experimental_raman_index,https://oedb.jp,10.1038/s41524-026-02093-y,2026-05-11,Li,BF4,DMC,1.5
exp-38,,OEDB experimental Raman,experimental_raman_index,https://oedb.jp,10.1038/s41524-026-02093-y,2026-05-11,Li,BF4,DMC,1.75
exp-39,2124.0,OEDB experimental Raman,experimental_raman_index,https://oedb.jp,10.1038/s41524-026-02093-y,2026-05-11,Li,BF4,DMC,2.0
exp-40,,OEDB experimental Raman,experimental_raman_index,https://oedb.jp,10.1038/s41524-026-02093-y,2026-05-11,Li,BF4,DMC,2.25
exp-41,2125.0,OEDB experimental Raman,experimental_raman_index,https://oedb.jp,10.1038/s41524-026-02093-y,2026-05-11,Li,BF4,DMC,2.5
exp-42,,OEDB experimental Raman,experimental_raman_index,https://oedb.jp,10.1038/s41524-026-02093-y,2026-05-11,Li,BF4,DMC,2.75
exp-43,2126.0,OEDB experimental Raman,experimental_raman_index,https://oedb.jp,10.1038/s41524-026-02093-y,2026-05-11,Li,BF4,DMC,3.0
exp-44,,OEDB experimental Raman,experimental_raman_index,https://oedb.jp,10.1038/s41524-026-02093-y,2026-05-11,Li,BF4,DMC,3.25
exp-45,2127.0,OEDB experimental Raman,experimental_raman_index,https://oedb.jp,10.1038/s41524-026-02093-y,2026-05-11,Li,BF4,DMC,3.5
exp-46,,OEDB experimental Raman,experimental_raman_index,https://oedb.jp,10.1038/s41524-026-02093-y,2026-05-11,Li,BF4,DME,0.0
exp-47,,OEDB experimental Raman,experimental_raman_index,https://oedb.jp,10.1038/s41524-026-02093-y,2026-05-11,Li,BF4,DME,0.25
exp-48,,OEDB experimental Raman,experimental_raman_index,https://oedb.jp,10.1038/s41524-026-02093-y,2026-05-11,Li,BF4,DME,0.5
exp-49,,OEDB experimental Raman,experimental_raman_index,https://oedb.jp,10.1038/s41524-026-02093-y,2026-05-11,Li,BF4,DME,0.75
exp-50,,OEDB experimental Raman,experimental_raman_index,https://oedb.jp,10.1038/s41524-026-02093-y,2026-05-11,Li,BF4,DME,1.0
exp-51,,OEDB experimental Raman,experimental_raman_index,https://oedb.jp,10.1038/s41524-026-02093-y,2026-05-11,Li,BF4,DME,1.25
exp-52,,OEDB experimental Raman,experimental_raman_index,https://oedb.jp,10.1038/s41524-026-02093-y,2026-05-11,Li,BF4,DME,1.5
exp-53,,OEDB experimental Raman,experimental_raman_index,https://oedb.jp,10.1038/s41524-026-02093-y,2026-05-11,Li,BF4,DME,1.75
exp-54,,OEDB experimental Raman,experimental_raman_index,https://oedb.jp,10.1038/s41524-026-02093-y,2026-05-11,Li,BF4,DME,2.0
exp-55,,OEDB experimental Raman,experimental_raman_index,https://oedb.jp,10.1038/s41524-026-02093-y,2026-05-11,Li,BF4,DME,2.25
exp-56,,OEDB experimental Raman,experimental_raman_index,https://oedb.jp,10.1038/s41524-026-02093-y,2026-05-11,Li,BF4,DME,2.5
exp-57,,OEDB experimental Raman,experimental_raman_index,https://oedb.jp,10.1038/s41524-026-02093-y,2026-05-11,Li,BF4,DME,2.75
exp-58,,OEDB experimental Raman,experimental_raman_index,https://oedb.jp,10.1038/s41524-026-02093-y,2026-05-11,Li,BF4,DME,3.0
exp-59,,OEDB experimental Raman,experimental_raman_index,https://oedb.jp,10.1038/s41524-026-02093-y,2026-05-11,Li,BF4,DME,3.25
exp-60,,OEDB experimental Raman,experimental_raman_index,https://oedb.jp,10.1038/s41524-026-02093-y,2026-05-11,Li,BF4,DME,3.5
exp-61,,OEDB experimental Raman,experimental_raman_index,https://oedb.jp,10.1038/s41524-026-02093-y,2026-05-11,Li,BF4,DMM,0.0
exp-62,,OEDB experimental Raman,experimental_raman_index,https://oedb.jp,10.1038/s41524-026-02093-y,2026-05-11,Li,BF4,DMM,0.25
exp-63,,OEDB experimental Raman,experimental_raman_index,https://oedb.jp,10.1038/s41524-026-02093-y,2026-05-11,Li,BF4,DMM,0.5
exp-64,,OEDB experimental Raman,experimental_raman_index,https://oedb.jp,10.1038/s41524-026-02093-y,2026-05-11,Li,BF4,DMSO,0.0
exp-65,,OEDB experimental Raman,experimental_raman_index,https://oedb.jp,10.1038/s41524-026-02093-y,2026-05-11,Li,BF4,DMSO,0.25
exp-66,2137.0,OEDB experimental Raman,experimental_raman_index,https://oedb.jp,10.1038/s41524-026-02093-y,2026-05-11,Li,BF4,DMSO,0.5
exp-67,,OEDB experimental Raman,experimental_raman_index,https://oedb.jp,10.1038/s41524-026-02093-y,2026-05-11,Li,BF4,DMSO,0.75
exp-68,2138.0,OEDB experimental Raman,experimental_raman_index,https://oedb.jp,10.1038/s41524-026-02093-y,2026-05-11,Li,BF4,DMSO,1.0
exp-69,,OEDB experimental Raman,experimental_raman_index,https://oedb.jp,10.1038/s41524-026-02093-y,2026-05-11,Li,BF4,DMSO,1.25
exp-70,2139.0,OEDB experimental Raman,experimental_raman_index,https://oedb.jp,10.1038/s41524-026-02093-y,2026-05-11,Li,BF4,DMSO,1.5
exp-71,,OEDB experimental Raman,experimental_raman_index,https://oedb.jp,10.1038/s41524-026-02093-y,2026-05-11,Li,BF4,DMSO,1.75
exp-72,2140.0,OEDB experimental Raman,experimental_raman_index,https://oedb.jp,10.1038/s41524-026-02093-y,2026-05-11,Li,BF4,DMSO,2.0
exp-73,,OEDB experimental Raman,experimental_raman_index,https://oedb.jp,10.1038/s41524-026-02093-y,2026-05-11,Li,BF4,DMSO,2.25
exp-74,2141.0,OEDB experimental Raman,experimental_raman_index,https://oedb.jp,10.1038/s41524-026-02093-y,2026-05-11,Li,BF4,DMSO,2.5
exp-75,,OEDB experimental Raman,experimental_raman_index,https://oedb.jp,10.1038/s41524-026-02093-y,2026-05-11,Li,BF4,DMSO,2.75
exp-76,2142.0,OEDB experimental Raman,experimental_raman_index,https://oedb.jp,10.1038/s41524-026-02093-y,2026-05-11,Li,BF4,DMSO,3.0
exp-77,,OEDB experimental Raman,experimental_raman_index,https://oedb.jp,10.1038/s41524-026-02093-y,2026-05-11,Li,BF4,EA,0.0
exp-78,,OEDB experimental Raman,experimental_raman_index,https://oedb.jp,10.1038/s41524-026-02093-y,2026-05-11,Li,BF4,EA,0.25
exp-79,2145.0,OEDB experimental Raman,experimental_raman_index,https://oedb.jp,10.1038/s41524-026-02093-y,2026-05-11,Li,BF4,EA,0.5
exp-80,,OEDB experimental Raman,experimental_raman_index,https://oedb.jp,10.1038/s41524-026-02093-y,2026-05-11,Li,BF4,EA,0.75
exp-81,2146.0,OEDB experimental Raman,experimental_raman_index,https://oedb.jp,10.1038/s41524-026-02093-y,2026-05-11,Li,BF4,EA,1.0
exp-82,,OEDB experimental Raman,experimental_raman_index,https://oedb.jp,10.1038/s41524-026-02093-y,2026-05-11,Li,BF4,EA,1.25
exp-83,2147.0,OEDB experimental Raman,experimental_raman_index,https://oedb.jp,10.1038/s41524-026-02093-y,2026-05-11,Li,BF4,EA,1.5
exp-84,,OEDB experimental Raman,experimental_raman_index,https://oedb.jp,10.1038/s41524-026-02093-y,2026-05-11,Li,BF4,EA,1.75
exp-85,2148.0,OEDB experimental Raman,experimental_raman_index,https://oedb.jp,10.1038/s41524-026-02093-y,2026-05-11,Li,BF4,EA,2.0
exp-86,,OEDB experimental Raman,experimental_raman_index,https://oedb.jp,10.1038/s41524-026-02093-y,2026-05-11,Li,BF4,EA,2.25
exp-87,2149.0,OEDB experimental Raman,experimental_raman_index,https://oedb.jp,10.1038/s41524-026-02093-y,2026-05-11,Li,BF4,EA,2.5
exp-88,,OEDB experimental Raman,experimental_raman_index,https://oedb.jp,10.1038/s41524-026-02093-y,2026-05-11,Li,BF4,EA,2.75
exp-89,2150.0,OEDB experimental Raman,experimental_raman_index,https://oedb.jp,10.1038/s41524-026-02093-y,2026-05-11,Li,BF4,EA,3.0
exp-90,,OEDB experimental Raman,experimental_raman_index,https://oedb.jp,10.1038/s41524-026-02093-y,2026-05-11,Li,BF4,EA,3.25
exp-91,2151.0,OEDB experimental Raman,experimental_raman_index,https://oedb.jp,10.1038/s41524-026-02093-y,2026-05-11,Li,BF4,EA,3.5
exp-92,,OEDB experimental Raman,experimental_raman_index,https://oedb.jp,10.1038/s41524-026-02093-y,2026-05-11,Li,BF4,EC,0.75
exp-93,2162.0,OEDB experimental Raman,experimental_raman_index,https://oedb.jp,10.1038/s41524-026-02093-y,2026-05-11,Li,BF4,EC,1.0
exp-94,,OEDB experimental Raman,experimental_raman_index,https://oedb.jp,10.1038/s41524-026-02093-y,2026-05-11,Li,BF4,EC,1.25
exp-95,2163.0,OEDB experimental Raman,experimental_raman_index,https://oedb.jp,10.1038/s41524-026-02093-y,2026-05-11,Li,BF4,EC,1.5
exp-96,,OEDB experimental Raman,experimental_raman_index,https://oedb.jp,10.1038/s41524-026-02093-y,2026-05-11,Li,BF4,EC,1.75
exp-97,2164.0,OEDB experimental Raman,experimental_raman_index,https://oedb.jp,10.1038/s41524-026-02093-y,2026-05-11,Li,BF4,EC,2.0
exp-98,,OEDB experimental Raman,experimental_raman_index,https://oedb.jp,10.1038/s41524-026-02093-y,2026-05-11,Li,BF4,EC,2.25
exp-99,2165.0,OEDB experimental Raman,experimental_raman_index,https://oedb.jp,10.1038/s41524-026-02093-y,2026-05-11,Li,BF4,EC,2.5
exp-100,,OEDB experimental Raman,experimental_raman_index,https://oedb.jp,10.1038/s41524-026-02093-y,2026-05-11,Li,BF4,EC,2.75
exp-101,,OEDB experimental Raman,experimental_raman_index,https://oedb.jp,10.1038/s41524-026-02093-y,2026-05-11,Li,BF4,EMC,0.0
exp-102,,OEDB experimental Raman,experimental_raman_index,https://oedb.jp,10.1038/s41524-026-02093-y,2026-05-11,Li,BF4,EMC,0.25
exp-103,2169.0,OEDB experimental Raman,experimental_raman_index,https://oedb.jp,10.1038/s41524-026-02093-y,2026-05-11,Li,BF4,EMC,0.5
exp-104,,OEDB experimental Raman,experimental_raman_index,https://oedb.jp,10.1038/s41524-026-02093-y,2026-05-11,Li,BF4,EMC,0.75
exp-105,2170.0,OEDB experimental Raman,experimental_raman_index,https://oedb.jp,10.1038/s41524-026-02093-y,2026-05-11,Li,BF4,EMC,1.0
exp-106,,OEDB experimental Raman,experimental_raman_index,https://oedb.jp,10.1038/s41524-026-02093-y,2026-05-11,Li,BF4,EMC,1.25
exp-107,2171.0,OEDB experimental Raman,experimental_raman_index,https://oedb.jp,10.1038/s41524-026-02093-y,2026-05-11,Li,BF4,EMC,1.5
exp-108,,OEDB experimental Raman,experimental_raman_index,https://oedb.jp,10.1038/s41524-026-02093-y,2026-05-11,Li,BF4,EMC,1.75
exp-109,2172.0,OEDB experimental Raman,experimental_raman_index,https://oedb.jp,10.1038/s41524-026-02093-y,2026-05-11,Li,BF4,EMC,2.0
exp-110,,OEDB experimental Raman,experimental_raman_index,https://oedb.jp,10.1038/s41524-026-02093-y,2026-05-11,Li,BF4,EMC,2.25
exp-111,2173.0,OEDB experimental Raman,experimental_raman_index,https://oedb.jp,10.1038/s41524-026-02093-y,2026-05-11,Li,BF4,EMC,2.5
exp-112,,OEDB experimental Raman,experimental_raman_index,https://oedb.jp,10.1038/s41524-026-02093-y,2026-05-11,Li,BF4,EMC,2.75
exp-113,2174.0,OEDB experimental Raman,experimental_raman_index,https://oedb.jp,10.1038/s41524-026-02093-y,2026-05-11,Li,BF4,EMC,3.0
exp-114,,OEDB experimental Raman,experimental_raman_index,https://oedb.jp,10.1038/s41524-026-02093-y,2026-05-11,Li,BF4,EMC,3.25
exp-115,2175.0,OEDB experimental Raman,experimental_raman_index,https://oedb.jp,10.1038/s41524-026-02093-y,2026-05-11,Li,BF4,EMC,3.5
exp-116,,OEDB experimental Raman,experimental_raman_index,https://oedb.jp,10.1038/s41524-026-02093-y,2026-05-11,Li,BF4,EMS,1.25
exp-117,,OEDB experimental Raman,experimental_raman_index,https://oedb.jp,10.1038/s41524-026-02093-y,2026-05-11,Li,BF4,EMS,1.5
exp-118,,OEDB experimental Raman,experimental_raman_index,https://oedb.jp,10.1038/s41524-026-02093-y,2026-05-11,Li,BF4,EMS,1.75
exp-119,,OEDB experimental Raman,experimental_raman_index,https://oedb.jp,10.1038/s41524-026-02093-y,2026-05-11,Li,BF4,EiPS,0.0
exp-120,,OEDB experimental Raman,experimental_raman_index,https://oedb.jp,10.1038/s41524-026-02093-y,2026-05-11,Li,BF4,EiPS,0.25
exp-121,,OEDB experimental Raman,experimental_raman_index,https://oedb.jp,10.1038/s41524-026-02093-y,2026-05-11,Li,BF4,EiPS,0.5
exp-122,,OEDB experimental Raman,experimental_raman_index,https://oedb.jp,10.1038/s41524-026-02093-y,2026-05-11,Li,BF4,EiPS,0.75
exp-123,,OEDB experimental Raman,experimental_raman_index,https://oedb.jp,10.1038/s41524-026-02093-y,2026-05-11,Li,BF4,EiPS,1.0
exp-124,,OEDB experimental Raman,experimental_raman_index,https://oedb.jp,10.1038/s41524-026-02093-y,2026-05-11,Li,BF4,EiPS,1.25
exp-125,,OEDB experimental Raman,experimental_raman_index,https://oedb.jp,10.1038/s41524-026-02093-y,2026-05-11,Li,BF4,FEC,0.0
exp-126,,OEDB experimental Raman,experimental_raman_index,https://oedb.jp,10.1038/s41524-026-02093-y,2026-05-11,Li,BF4,FEMC,0.0
exp-127,,OEDB experimental Raman,experimental_raman_index,https://oedb.jp,10.1038/s41524-026-02093-y,2026-05-11,Li,BF4,G2,0.0
exp-128,,OEDB experimental Raman,experimental_raman_index,https://oedb.jp,10.1038/s41524-026-02093-y,2026-05-11,Li,BF4,G2,0.25
exp-129,,OEDB experimental Raman,experimental_raman_index,https://oedb.jp,10.1038/s41524-026-02093-y,2026-05-11,Li,BF4,G2,0.5
exp-130,,OEDB experimental Raman,experimental_raman_index,https://oedb.jp,10.1038/s41524-026-02093-y,2026-05-11,Li,BF4,G2,0.75
exp-131,,OEDB experimental Raman,experimental_raman_index,https://oedb.jp,10.1038/s41524-026-02093-y,2026-05-11,Li,BF4,G2,1.0
exp-132,,OEDB experimental Raman,experimental_raman_index,https://oedb.jp,10.1038/s41524-026-02093-y,2026-05-11,Li,BF4,G2,1.25
exp-133,,OEDB experimental Raman,experimental_raman_index,https://oedb.jp,10.1038/s41524-026-02093-y,2026-05-11,Li,BF4,G2,1.5
exp-134,,OEDB experimental Raman,experimental_raman_index,https://oedb.jp,10.1038/s41524-026-02093-y,2026-05-11,Li,BF4,G2,1.75
exp-135,,OEDB experimental Raman,experimental_raman_index,https://oedb.jp,10.1038/s41524-026-02093-y,2026-05-11,Li,BF4,G2,2.0
exp-136,,OEDB experimental Raman,experimental_raman_index,https://oedb.jp,10.1038/s41524-026-02093-y,2026-05-11,Li,BF4,G2,2.25
exp-137,,OEDB experimental Raman,experimental_raman_index,https://oedb.jp,10.1038/s41524-026-02093-y,2026-05-11,Li,BF4,GBL,0.0
exp-138,,OEDB experimental Raman,experimental_raman_index,https://oedb.jp,10.1038/s41524-026-02093-y,2026-05-11,Li,BF4,GBL,0.25
exp-139,2217.0,OEDB experimental Raman,experimental_raman_index,https://oedb.jp,10.1038/s41524-026-02093-y,2026-05-11,Li,BF4,GBL,0.5
exp-140,,OEDB experimental Raman,experimental_raman_index,https://oedb.jp,10.1038/s41524-026-02093-y,2026-05-11,Li,BF4,GBL,0.75
exp-141,2218.0,OEDB experimental Raman,experimental_raman_index,https://oedb.jp,10.1038/s41524-026-02093-y,2026-05-11,Li,BF4,GBL,1.0
exp-142,,OEDB experimental Raman,experimental_raman_index,https://oedb.jp,10.1038/s41524-026-02093-y,2026-05-11,Li,BF4,GBL,1.25
exp-143,2219.0,OEDB experimental Raman,experimental_raman_index,https://oedb.jp,10.1038/s41524-026-02093-y,2026-05-11,Li,BF4,GBL,1.5
exp-144,,OEDB experimental Raman,experimental_raman_index,https://oedb.jp,10.1038/s41524-026-02093-y,2026-05-11,Li,BF4,GBL,1.75
exp-145,2220.0,OEDB experimental Raman,experimental_raman_index,https://oedb.jp,10.1038/s41524-026-02093-y,2026-05-11,Li,BF4,GBL,2.0
exp-146,,OEDB experimental Raman,experimental_raman_index,https://oedb.jp,10.1038/s41524-026-02093-y,2026-05-11,Li,BF4,GBL,2.25
exp-147,2221.0,OEDB experimental Raman,experimental_raman_index,https://oedb.jp,10.1038/s41524-026-02093-y,2026-05-11,Li,BF4,GBL,2.5
exp-148,,OEDB experimental Raman,experimental_raman_index,https://oedb.jp,10.1038/s41524-026-02093-y,2026-05-11,Li,BF4,GBL,2.75
exp-149,2222.0,OEDB experimental Raman,experimental_raman_index,https://oedb.jp,10.1038/s41524-026-02093-y,2026-05-11,Li,BF4,GBL,3.0
exp-150,,OEDB experimental Raman,experimental_raman_index,https://oedb.jp,10.1038/s41524-026-02093-y,2026-05-11,Li,BF4,GBL,3.25
exp-151,2223.0,OEDB experimental Raman,experimental_raman_index,https://oedb.jp,10.1038/s41524-026-02093-y,2026-05-11,Li,BF4,GBL,3.5
exp-152,,OEDB experimental Raman,experimental_raman_index,https://oedb.jp,10.1038/s41524-026-02093-y,2026-05-11,Li,BF4,MSL,0.0
exp-153,,OEDB experimental Raman,experimental_raman_index,https://oedb.jp,10.1038/s41524-026-02093-y,2026-05-11,Li,BF4,MSL,0.25
exp-154,,OEDB experimental Raman,experimental_raman_index,https://oedb.jp,10.1038/s41524-026-02093-y,2026-05-11,Li,BF4,MSL,0.5
exp-155,,OEDB experimental Raman,experimental_raman_index,https://oedb.jp,10.1038/s41524-026-02093-y,2026-05-11,Li,BF4,MSL,0.75
exp-156,,OEDB experimental Raman,experimental_raman_index,https://oedb.jp,10.1038/s41524-026-02093-y,2026-05-11,Li,BF4,MSL,1.0
exp-157,,OEDB experimental Raman,experimental_raman_index,https://oedb.jp,10.1038/s41524-026-02093-y,2026-05-11,Li,BF4,PC,0.0
exp-158,,OEDB experimental Raman,experimental_raman_index,https://oedb.jp,10.1038/s41524-026-02093-y,2026-05-11,Li,BF4,PC,0.25
exp-159,2257.0,OEDB experimental Raman,experimental_raman_index,https://oedb.jp,10.1038/s41524-026-02093-y,2026-05-11,Li,BF4,PC,0.5
exp-160,,OEDB experimental Raman,experimental_raman_index,https://oedb.jp,10.1038/s41524-026-02093-y,2026-05-11,Li,BF4,PC,0.75
exp-161,2258.0,OEDB experimental Raman,experimental_raman_index,https://oedb.jp,10.1038/s41524-026-02093-y,2026-05-11,Li,BF4,PC,1.0
exp-162,,OEDB experimental Raman,experimental_raman_index,https://oedb.jp,10.1038/s41524-026-02093-y,2026-05-11,Li,BF4,PC,1.25
exp-163,2259.0,OEDB experimental Raman,experimental_raman_index,https://oedb.jp,10.1038/s41524-026-02093-y,2026-05-11,Li,BF4,PC,1.5
exp-164,,OEDB experimental Raman,experimental_raman_index,https://oedb.jp,10.1038/s41524-026-02093-y,2026-05-11,Li,BF4,PC,1.75
exp-165,2260.0,OEDB experimental Raman,experimental_raman_index,https://oedb.jp,10.1038/s41524-026-02093-y,2026-05-11,Li,BF4,PC,2.0
exp-166,,OEDB experimental Raman,experimental_raman_index,https://oedb.jp,10.1038/s41524-026-02093-y,2026-05-11,Li,BF4,PC,2.25
exp-167,,OEDB experimental Raman,experimental_raman_index,https://oedb.jp,10.1038/s41524-026-02093-y,2026-05-11,Li,BF4,SL,0.25
exp-168,,OEDB experimental Raman,experimental_raman_index,https://oedb.jp,10.1038/s41524-026-02093-y,2026-05-11,Li,BF4,SL,0.5
exp-169,,OEDB experimental Raman,experimental_raman_index,https://oedb.jp,10.1038/s41524-026-02093-y,2026-05-11,Li,BF4,SL,0.75
exp-170,,OEDB experimental Raman,experimental_raman_index,https://oedb.jp,10.1038/s41524-026-02093-y,2026-05-11,Li,BF4,SL,1.0
exp-171,,OEDB experimental Raman,experimental_raman_index,https://oedb.jp,10.1038/s41524-026-02093-y,2026-05-11,Li,BF4,SL,1.25
exp-172,,OEDB experimental Raman,experimental_raman_index,https://oedb.jp,10.1038/s41524-026-02093-y,2026-05-11,Li,BF4,TEP,0.0
exp-173,,OEDB experimental Raman,experimental_raman_index,https://oedb.jp,10.1038/s41524-026-02093-y,2026-05-11,Li,BF4,TEP,0.25
exp-174,2273.0,OEDB experimental Raman,experimental_raman_index,https://oedb.jp,10.1038/s41524-026-02093-y,2026-05-11,Li,BF4,TEP,0.5
exp-175,,OEDB experimental Raman,experimental_raman_index,https://oedb.jp,10.1038/s41524-026-02093-y,2026-05-11,Li,BF4,TEP,0.75
exp-176,2274.0,OEDB experimental Raman,experimental_raman_index,https://oedb.jp,10.1038/s41524-026-02093-y,2026-05-11,Li,BF4,TEP,1.0
exp-177,,OEDB experimental Raman,experimental_raman_index,https://oedb.jp,10.1038/s41524-026-02093-y,2026-05-11,Li,BF4,TEP,1.25
exp-178,2275.0,OEDB experimental Raman,experimental_raman_index,https://oedb.jp,10.1038/s41524-026-02093-y,2026-05-11,Li,BF4,TEP,1.5
exp-179,,OEDB experimental Raman,experimental_raman_index,https://oedb.jp,10.1038/s41524-026-02093-y,2026-05-11,Li,BF4,TEP,1.75
exp-180,2276.0,OEDB experimental Raman,experimental_raman_index,https://oedb.jp,10.1038/s41524-026-02093-y,2026-05-11,Li,BF4,TEP,2.0
exp-181,,OEDB experimental Raman,experimental_raman_index,https://oedb.jp,10.1038/s41524-026-02093-y,2026-05-11,Li,BF4,TEP,2.25
exp-182,2277.0,OEDB experimental Raman,experimental_raman_index,https://oedb.jp,10.1038/s41524-026-02093-y,2026-05-11,Li,BF4,TEP,2.5
exp-183,2277.0,OEDB experimental Raman,experimental_raman_index,https://oedb.jp,10.1038/s41524-026-02093-y,2026-05-11,Li,BF4,TEP,2.5
exp-184,,OEDB experimental Raman,experimental_raman_index,https://oedb.jp,10.1038/s41524-026-02093-y,2026-05-11,Li,BF4,TEP,2.75
exp-185,,OEDB experimental Raman,experimental_raman_index,https://oedb.jp,10.1038/s41524-026-02093-y,2026-05-11,Li,BF4,THF,0.0
exp-186,,OEDB experimental Raman,experimental_raman_index,https://oedb.jp,10.1038/s41524-026-02093-y,2026-05-11,Li,BF4,THF,0.25
exp-187,,OEDB experimental Raman,experimental_raman_index,https://oedb.jp,10.1038/s41524-026-02093-y,2026-05-11,Li,BF4,THF,0.5
exp-188,,OEDB experimental Raman,experimental_raman_index,https://oedb.jp,10.1038/s41524-026-02093-y,2026-05-11,Li,BF4,THF,0.75
exp-189,,OEDB experimental Raman,experimental_raman_index,https://oedb.jp,10.1038/s41524-026-02093-y,2026-05-11,Li,BF4,THF,1.0
exp-190,,OEDB experimental Raman,experimental_raman_index,https://oedb.jp,10.1038/s41524-026-02093-y,2026-05-11,Li,BF4,THF,1.25
exp-191,,OEDB experimental Raman,experimental_raman_index,https://oedb.jp,10.1038/s41524-026-02093-y,2026-05-11,Li,BF4,THF,1.5
exp-192,,OEDB experimental Raman,experimental_raman_index,https://oedb.jp,10.1038/s41524-026-02093-y,2026-05-11,Li,BF4,THF,1.75
exp-193,,OEDB experimental Raman,experimental_raman_index,https://oedb.jp,10.1038/s41524-026-02093-y,2026-05-11,Li,BF4,THF,2.0
exp-194,,OEDB experimental Raman,experimental_raman_index,https://oedb.jp,10.1038/s41524-026-02093-y,2026-05-11,Li,BF4,THF,2.25
exp-195,,OEDB experimental Raman,experimental_raman_index,https://oedb.jp,10.1038/s41524-026-02093-y,2026-05-11,Li,BF4,THF,2.5
exp-196,,OEDB experimental Raman,experimental_raman_index,https://oedb.jp,10.1038/s41524-026-02093-y,2026-05-11,Li,BF4,THF,2.75
exp-197,,OEDB experimental Raman,experimental_raman_index,https://oedb.jp,10.1038/s41524-026-02093-y,2026-05-11,Li,BF4,THF,3.0
exp-198,,OEDB experimental Raman,experimental_raman_index,https://oedb.jp,10.1038/s41524-026-02093-y,2026-05-11,Li,BF4,THF,3.25
exp-199,,OEDB experimental Raman,experimental_raman_index,https://oedb.jp,10.1038/s41524-026-02093-y,2026-05-11,Li,BF4,THF,3.5
exp-200,,OEDB experimental Raman,experimental_raman_index,https://oedb.jp,10.1038/s41524-026-02093-y,2026-05-11,Li,BF4,THP,0.0
exp-201,,OEDB experimental Raman,experimental_raman_index,https://oedb.jp,10.1038/s41524-026-02093-y,2026-05-11,Li,BF4,THP,0.25
exp-202,,OEDB experimental Raman,experimental_raman_index,https://oedb.jp,10.1038/s41524-026-02093-y,2026-05-11,Li,BF4,THP,0.5
exp-203,,OEDB experimental Raman,experimental_raman_index,https://oedb.jp,10.1038/s41524-026-02093-y,2026-05-11,Li,BF4,THP,0.75
exp-204,,OEDB experimental Raman,experimental_raman_index,https://oedb.jp,10.1038/s41524-026-02093-y,2026-05-11,Li,BF4,THP,1.0
exp-205,,OEDB experimental Raman,experimental_raman_index,https://oedb.jp,10.1038/s41524-026-02093-y,2026-05-11,Li,BF4,THP,1.25
exp-206,,OEDB experimental Raman,experimental_raman_index,https://oedb.jp,10.1038/s41524-026-02093-y,2026-05-11,Li,BF4,THP,1.5
exp-207,,OEDB experimental Raman,experimental_raman_index,https://oedb.jp,10.1038/s41524-026-02093-y,2026-05-11,Li,BF4,THP,1.75
exp-208,,OEDB experimental Raman,experimental_raman_index,https://oedb.jp,10.1038/s41524-026-02093-y,2026-05-11,Li,BF4,THP,2.0
exp-209,,OEDB experimental Raman,experimental_raman_index,https://oedb.jp,10.1038/s41524-026-02093-y,2026-05-11,Li,BF4,THP,2.25
exp-210,,OEDB experimental Raman,experimental_raman_index,https://oedb.jp,10.1038/s41524-026-02093-y,2026-05-11,Li,BF4,THP,2.5
exp-211,,OEDB experimental Raman,experimental_raman_index,https://oedb.jp,10.1038/s41524-026-02093-y,2026-05-11,Li,BF4,TMP,0.0
exp-212,,OEDB experimental Raman,experimental_raman_index,https://oedb.jp,10.1038/s41524-026-02093-y,2026-05-11,Li,BF4,TMP,0.25
exp-213,2281.0,OEDB experimental Raman,experimental_raman_index,https://oedb.jp,10.1038/s41524-026-02093-y,2026-05-11,Li,BF4,TMP,0.5
exp-214,,OEDB experimental Raman,experimental_raman_index,https://oedb.jp,10.1038/s41524-026-02093-y,2026-05-11,Li,BF4,TMP,0.75
exp-215,2282.0,OEDB experimental Raman,experimental_raman_index,https://oedb.jp,10.1038/s41524-026-02093-y,2026-05-11,Li,BF4,TMP,1.0
exp-216,,OEDB experimental Raman,experimental_raman_index,https://oedb.jp,10.1038/s41524-026-02093-y,2026-05-11,Li,BF4,TMP,1.25
exp-217,2283.0,OEDB experimental Raman,experimental_raman_index,https://oedb.jp,10.1038/s41524-026-02093-y,2026-05-11,Li,BF4,TMP,1.5
exp-218,,OEDB experimental Raman,experimental_raman_index,https://oedb.jp,10.1038/s41524-026-02093-y,2026-05-11,Li,BF4,TMP,1.75
exp-219,2284.0,OEDB experimental Raman,experimental_raman_index,https://oedb.jp,10.1038/s41524-026-02093-y,2026-05-11,Li,BF4,TMP,2.0
exp-220,,OEDB experimental Raman,experimental_raman_index,https://oedb.jp,10.1038/s41524-026-02093-y,2026-05-11,Li,BF4,TMP,2.25
exp-221,,OEDB experimental Raman,experimental_raman_index,https://oedb.jp,10.1038/s41524-026-02093-y,2026-05-11,Li,ClO4,AN,0.25
exp-222,2289.0,OEDB experimental Raman,experimental_raman_index,https://oedb.jp,10.1038/s41524-026-02093-y,2026-05-11,Li,ClO4,AN,0.5
exp-223,,OEDB experimental Raman,experimental_raman_index,https://oedb.jp,10.1038/s41524-026-02093-y,2026-05-11,Li,ClO4,AN,0.75
exp-224,2290.0,OEDB experimental Raman,experimental_raman_index,https://oedb.jp,10.1038/s41524-026-02093-y,2026-05-11,Li,ClO4,AN,1.0
exp-225,,OEDB experimental Raman,experimental_raman_index,https://oedb.jp,10.1038/s41524-026-02093-y,2026-05-11,Li,ClO4,AN,1.25
exp-226,,OEDB experimental Raman,experimental_raman_index,https://oedb.jp,10.1038/s41524-026-02093-y,2026-05-11,Li,ClO4,Ac,0.25
exp-227,2305.0,OEDB experimental Raman,experimental_raman_index,https://oedb.jp,10.1038/s41524-026-02093-y,2026-05-11,Li,ClO4,Ac,0.5
exp-228,,OEDB experimental Raman,experimental_raman_index,https://oedb.jp,10.1038/s41524-026-02093-y,2026-05-11,Li,ClO4,Ac,0.75
exp-229,2306.0,OEDB experimental Raman,experimental_raman_index,https://oedb.jp,10.1038/s41524-026-02093-y,2026-05-11,Li,ClO4,Ac,1.0
exp-230,,OEDB experimental Raman,experimental_raman_index,https://oedb.jp,10.1038/s41524-026-02093-y,2026-05-11,Li,ClO4,Ac,1.25
exp-231,2307.0,OEDB experimental Raman,experimental_raman_index,https://oedb.jp,10.1038/s41524-026-02093-y,2026-05-11,Li,ClO4,Ac,1.5
exp-232,,OEDB experimental Raman,experimental_raman_index,https://oedb.jp,10.1038/s41524-026-02093-y,2026-05-11,Li,ClO4,Ac,1.75
exp-233,2308.0,OEDB experimental Raman,experimental_raman_index,https://oedb.jp,10.1038/s41524-026-02093-y,2026-05-11,Li,ClO4,Ac,2.0
exp-234,,OEDB experimental Raman,experimental_raman_index,https://oedb.jp,10.1038/s41524-026-02093-y,2026-05-11,Li,ClO4,Ac,2.25
exp-235,2309.0,OEDB experimental Raman,experimental_raman_index,https://oedb.jp,10.1038/s41524-026-02093-y,2026-05-11,Li,ClO4,Ac,2.5
exp-236,,OEDB experimental Raman,experimental_raman_index,https://oedb.jp,10.1038/s41524-026-02093-y,2026-05-11,Li,ClO4,Ac,2.75
exp-237,2310.0,OEDB experimental Raman,experimental_raman_index,https://oedb.jp,10.1038/s41524-026-02093-y,2026-05-11,Li,ClO4,Ac,3.0
exp-238,,OEDB experimental Raman,experimental_raman_index,https://oedb.jp,10.1038/s41524-026-02093-y,2026-05-11,Li,ClO4,Ac,3.25
exp-239,2311.0,OEDB experimental Raman,experimental_raman_index,https://oedb.jp,10.1038/s41524-026-02093-y,2026-05-11,Li,ClO4,Ac,3.5
exp-240,,OEDB experimental Raman,experimental_raman_index,https://oedb.jp,10.1038/s41524-026-02093-y,2026-05-11,Li,ClO4,DEE,0.25
exp-241,,OEDB experimental Raman,experimental_raman_index,https://oedb.jp,10.1038/s41524-026-02093-y,2026-05-11,Li,ClO4,DEE,0.5
exp-242,,OEDB experimental Raman,experimental_raman_index,https://oedb.jp,10.1038/s41524-026-02093-y,2026-05-11,Li,ClO4,DEE,0.75
exp-243,,OEDB experimental Raman,experimental_raman_index,https://oedb.jp,10.1038/s41524-026-02093-y,2026-05-11,Li,ClO4,DEE,1.0
exp-244,,OEDB experimental Raman,experimental_raman_index,https://oedb.jp,10.1038/s41524-026-02093-y,2026-05-11,Li,ClO4,DEE,1.25
exp-245,,OEDB experimental Raman,experimental_raman_index,https://oedb.jp,10.1038/s41524-026-02093-y,2026-05-11,Li,ClO4,DEE,1.5
exp-246,,OEDB experimental Raman,experimental_raman_index,https://oedb.jp,10.1038/s41524-026-02093-y,2026-05-11,Li,ClO4,DEE,1.75
exp-247,,OEDB experimental Raman,experimental_raman_index,https://oedb.jp,10.1038/s41524-026-02093-y,2026-05-11,Li,ClO4,DEE,2.0
exp-248,,OEDB experimental Raman,experimental_raman_index,https://oedb.jp,10.1038/s41524-026-02093-y,2026-05-11,Li,ClO4,DEE,2.25
exp-249,,OEDB experimental Raman,experimental_raman_index,https://oedb.jp,10.1038/s41524-026-02093-y,2026-05-11,Li,ClO4,DEE,2.5
exp-250,,OEDB experimental Raman,experimental_raman_index,https://oedb.jp,10.1038/s41524-026-02093-y,2026-05-11,Li,ClO4,DEE,2.75
exp-251,,OEDB experimental Raman,experimental_raman_index,https://oedb.jp,10.1038/s41524-026-02093-y,2026-05-11,Li,ClO4,DEE,3.0
exp-252,,OEDB experimental Raman,experimental_raman_index,https://oedb.jp,10.1038/s41524-026-02093-y,2026-05-11,Li,ClO4,DEE,3.25
exp-253,,OEDB experimental Raman,experimental_raman_index,https://oedb.jp,10.1038/s41524-026-02093-y,2026-05-11,Li,ClO4,DEE,3.5
exp-254,,OEDB experimental Raman,experimental_raman_index,https://oedb.jp,10.1038/s41524-026-02093-y,2026-05-11,Li,ClO4,DMC,0.25
exp-255,2329.0,OEDB experimental Raman,experimental_raman_index,https://oedb.jp,10.1038/s41524-026-02093-y,2026-05-11,Li,ClO4,DMC,0.5
exp-256,,OEDB experimental Raman,experimental_raman_index,https://oedb.jp,10.1038/s41524-026-02093-y,2026-05-11,Li,ClO4,DMC,0.75
exp-257,2330.0,OEDB experimental Raman,experimental_raman_index,https://oedb.jp,10.1038/s41524-026-02093-y,2026-05-11,Li,ClO4,DMC,1.0
exp-258,,OEDB experimental Raman,experimental_raman_index,https://oedb.jp,10.1038/s41524-026-02093-y,2026-05-11,Li,ClO4,DMC,1.25
exp-259,2331.0,OEDB experimental Raman,experimental_raman_index,https://oedb.jp,10.1038/s41524-026-02093-y,2026-05-11,Li,ClO4,DMC,1.5
exp-260,,OEDB experimental Raman,experimental_raman_index,https://oedb.jp,10.1038/s41524-026-02093-y,2026-05-11,Li,ClO4,DMC,1.75
exp-261,2332.0,OEDB experimental Raman,experimental_raman_index,https://oedb.jp,10.1038/s41524-026-02093-y,2026-05-11,Li,ClO4,DMC,2.0
exp-262,,OEDB experimental Raman,experimental_raman_index,https://oedb.jp,10.1038/s41524-026-02093-y,2026-05-11,Li,ClO4,DMC,2.25
exp-263,2333.0,OEDB experimental Raman,experimental_raman_index,https://oedb.jp,10.1038/s41524-026-02093-y,2026-05-11,Li,ClO4,DMC,2.5
exp-264,,OEDB experimental Raman,experimental_raman_index,https://oedb.jp,10.1038/s41524-026-02093-y,2026-05-11,Li,ClO4,DMC,2.75
exp-265,2334.0,OEDB experimental Raman,experimental_raman_index,https://oedb.jp,10.1038/s41524-026-02093-y,2026-05-11,Li,ClO4,DMC,3.0
exp-266,,OEDB experimental Raman,experimental_raman_index,https://oedb.jp,10.1038/s41524-026-02093-y,2026-05-11,Li,ClO4,DMC,3.25
exp-267,2335.0,OEDB experimental Raman,experimental_raman_index,https://oedb.jp,10.1038/s41524-026-02093-y,2026-05-11,Li,ClO4,DMC,3.5
exp-268,,OEDB experimental Raman,experimental_raman_index,https://oedb.jp,10.1038/s41524-026-02093-y,2026-05-11,Li,ClO4,DME,0.25
exp-269,,OEDB experimental Raman,experimental_raman_index,https://oedb.jp,10.1038/s41524-026-02093-y,2026-05-11,Li,ClO4,DMM,0.25
exp-270,,OEDB experimental Raman,experimental_raman_index,https://oedb.jp,10.1038/s41524-026-02093-y,2026-05-11,Li,ClO4,DMM,0.25
exp-271,,OEDB experimental Raman,experimental_raman_index,https://oedb.jp,10.1038/s41524-026-02093-y,2026-05-11,Li,ClO4,DMM,0.5
exp-272,,OEDB experimental Raman,experimental_raman_index,https://oedb.jp,10.1038/s41524-026-02093-y,2026-05-11,Li,ClO4,DMM,0.5
exp-273,,OEDB experimental Raman,experimental_raman_index,https://oedb.jp,10.1038/s41524-026-02093-y,2026-05-11,Li,ClO4,DMM,0.75
exp-274,,OEDB experimental Raman,experimental_raman_index,https://oedb.jp,10.1038/s41524-026-02093-y,2026-05-11,Li,ClO4,DMM,1.0
exp-275,,OEDB experimental Raman,experimental_raman_index,https://oedb.jp,10.1038/s41524-026-02093-y,2026-05-11,Li,ClO4,DMM,1.25
exp-276,,OEDB experimental Raman,experimental_raman_index,https://oedb.jp,10.1038/s41524-026-02093-y,2026-05-11,Li,ClO4,DMM,1.5
exp-277,,OEDB experimental Raman,experimental_raman_index,https://oedb.jp,10.1038/s41524-026-02093-y,2026-05-11,Li,ClO4,DMM,1.75
exp-278,,OEDB experimental Raman,experimental_raman_index,https://oedb.jp,10.1038/s41524-026-02093-y,2026-05-11,Li,ClO4,DMM,2.0
exp-279,,OEDB experimental Raman,experimental_raman_index,https://oedb.jp,10.1038/s41524-026-02093-y,2026-05-11,Li,ClO4,DMM,2.25
exp-280,,OEDB experimental Raman,experimental_raman_index,https://oedb.jp,10.1038/s41524-026-02093-y,2026-05-11,Li,ClO4,DMSO,0.25
exp-281,2345.0,OEDB experimental Raman,experimental_raman_index,https://oedb.jp,10.1038/s41524-026-02093-y,2026-05-11,Li,ClO4,DMSO,0.5
exp-282,,OEDB experimental Raman,experimental_raman_index,https://oedb.jp,10.1038/s41524-026-02093-y,2026-05-11,Li,ClO4,DMSO,0.75
exp-283,2346.0,OEDB experimental Raman,experimental_raman_index,https://oedb.jp,10.1038/s41524-026-02093-y,2026-05-11,Li,ClO4,DMSO,1.0
exp-284,,OEDB experimental Raman,experimental_raman_index,https://oedb.jp,10.1038/s41524-026-02093-y,2026-05-11,Li,ClO4,DMSO,1.25
exp-285,2347.0,OEDB experimental Raman,experimental_raman_index,https://oedb.jp,10.1038/s41524-026-02093-y,2026-05-11,Li,ClO4,DMSO,1.5
exp-286,,OEDB experimental Raman,experimental_raman_index,https://oedb.jp,10.1038/s41524-026-02093-y,2026-05-11,Li,ClO4,DMSO,1.75
exp-287,2348.0,OEDB experimental Raman,experimental_raman_index,https://oedb.jp,10.1038/s41524-026-02093-y,2026-05-11,Li,ClO4,DMSO,2.0
exp-288,,OEDB experimental Raman,experimental_raman_index,https://oedb.jp,10.1038/s41524-026-02093-y,2026-05-11,Li,ClO4,DMSO,2.25
exp-289,,OEDB experimental Raman,experimental_raman_index,https://oedb.jp,10.1038/s41524-026-02093-y,2026-05-11,Li,ClO4,DOL,0.25
exp-290,,OEDB experimental Raman,experimental_raman_index,https://oedb.jp,10.1038/s41524-026-02093-y,2026-05-11,Li,ClO4,DOL,0.5
exp-291,,OEDB experimental Raman,experimental_raman_index,https://oedb.jp,10.1038/s41524-026-02093-y,2026-05-11,Li,ClO4,DOL,0.75
exp-292,,OEDB experimental Raman,experimental_raman_index,https://oedb.jp,10.1038/s41524-026-02093-y,2026-05-11,Li,ClO4,DOL,1.0
exp-293,,OEDB experimental Raman,experimental_raman_index,https://oedb.jp,10.1038/s41524-026-02093-y,2026-05-11,Li,ClO4,EA,0.25
exp-294,2353.0,OEDB experimental Raman,experimental_raman_index,https://oedb.jp,10.1038/s41524-026-02093-y,2026-05-11,Li,ClO4,EA,0.5
exp-295,,OEDB experimental Raman,experimental_raman_index,https://oedb.jp,10.1038/s41524-026-02093-y,2026-05-11,Li,ClO4,EA,0.75
exp-296,2354.0,OEDB experimental Raman,experimental_raman_index,https://oedb.jp,10.1038/s41524-026-02093-y,2026-05-11,Li,ClO4,EA,1.0
exp-297,,OEDB experimental Raman,experimental_raman_index,https://oedb.jp,10.1038/s41524-026-02093-y,2026-05-11,Li,ClO4,EA,1.25
exp-298,2355.0,OEDB experimental Raman,experimental_raman_index,https://oedb.jp,10.1038/s41524-026-02093-y,2026-05-11,Li,ClO4,EA,1.5
exp-299,,OEDB experimental Raman,experimental_raman_index,https://oedb.jp,10.1038/s41524-026-02093-y,2026-05-11,Li,ClO4,EA,1.75
exp-300,2356.0,OEDB experimental Raman,experimental_raman_index,https://oedb.jp,10.1038/s41524-026-02093-y,2026-05-11,Li,ClO4,EA,2.0
exp-301,,OEDB experimental Raman,experimental_raman_index,https://oedb.jp,10.1038/s41524-026-02093-y,2026-05-11,Li,ClO4,EA,2.25
exp-302,2357.0,OEDB experimental Raman,experimental_raman_index,https://oedb.jp,10.1038/s41524-026-02093-y,2026-05-11,Li,ClO4,EA,2.5
exp-303,,OEDB experimental Raman,experimental_raman_index,https://oedb.jp,10.1038/s41524-026-02093-y,2026-05-11,Li,ClO4,EA,2.75
exp-304,2358.0,OEDB experimental Raman,experimental_raman_index,https://oedb.jp,10.1038/s41524-026-02093-y,2026-05-11,Li,ClO4,EA,3.0
exp-305,,OEDB experimental Raman,experimental_raman_index,https://oedb.jp,10.1038/s41524-026-02093-y,2026-05-11,Li,ClO4,EA,3.25
exp-306,2359.0,OEDB experimental Raman,experimental_raman_index,https://oedb.jp,10.1038/s41524-026-02093-y,2026-05-11,Li,ClO4,EA,3.5
exp-307,,OEDB experimental Raman,experimental_raman_index,https://oedb.jp,10.1038/s41524-026-02093-y,2026-05-11,Li,ClO4,EC,0.25
exp-308,2369.0,OEDB experimental Raman,experimental_raman_index,https://oedb.jp,10.1038/s41524-026-02093-y,2026-05-11,Li,ClO4,EC,0.5
exp-309,,OEDB experimental Raman,experimental_raman_index,https://oedb.jp,10.1038/s41524-026-02093-y,2026-05-11,Li,ClO4,EC,0.75
exp-310,2370.0,OEDB experimental Raman,experimental_raman_index,https://oedb.jp,10.1038/s41524-026-02093-y,2026-05-11,Li,ClO4,EC,1.0
exp-311,,OEDB experimental Raman,experimental_raman_index,https://oedb.jp,10.1038/s41524-026-02093-y,2026-05-11,Li,ClO4,EC,1.25
exp-312,2371.0,OEDB experimental Raman,experimental_raman_index,https://oedb.jp,10.1038/s41524-026-02093-y,2026-05-11,Li,ClO4,EC,1.5
exp-313,,OEDB experimental Raman,experimental_raman_index,https://oedb.jp,10.1038/s41524-026-02093-y,2026-05-11,Li,ClO4,EC,1.75
exp-314,,OEDB experimental Raman,experimental_raman_index,https://oedb.jp,10.1038/s41524-026-02093-y,2026-05-11,Li,ClO4,EMC,0.25
exp-315,2377.0,OEDB experimental Raman,experimental_raman_index,https://oedb.jp,10.1038/s41524-026-02093-y,2026-05-11,Li,ClO4,EMC,0.5
exp-316,,OEDB experimental Raman,experimental_raman_index,https://oedb.jp,10.1038/s41524-026-02093-y,2026-05-11,Li,ClO4,EMC,0.75
exp-317,2378.0,OEDB experimental Raman,experimental_raman_index,https://oedb.jp,10.1038/s41524-026-02093-y,2026-05-11,Li,ClO4,EMC,1.0
exp-318,,OEDB experimental Raman,experimental_raman_index,https://oedb.jp,10.1038/s41524-026-02093-y,2026-05-11,Li,ClO4,EMC,1.25
exp-319,2379.0,OEDB experimental Raman,experimental_raman_index,https://oedb.jp,10.1038/s41524-026-02093-y,2026-05-11,Li,ClO4,EMC,1.5
exp-320,,OEDB experimental Raman,experimental_raman_index,https://oedb.jp,10.1038/s41524-026-02093-y,2026-05-11,Li,ClO4,EMC,1.75
exp-321,2380.0,OEDB experimental Raman,experimental_raman_index,https://oedb.jp,10.1038/s41524-026-02093-y,2026-05-11,Li,ClO4,EMC,2.0
exp-322,,OEDB experimental Raman,experimental_raman_index,https://oedb.jp,10.1038/s41524-026-02093-y,2026-05-11,Li,ClO4,EMC,2.25
exp-323,2381.0,OEDB experimental Raman,experimental_raman_index,https://oedb.jp,10.1038/s41524-026-02093-y,2026-05-11,Li,ClO4,EMC,2.5
exp-324,,OEDB experimental Raman,experimental_raman_index,https://oedb.jp,10.1038/s41524-026-02093-y,2026-05-11,Li,ClO4,EMC,2.75
exp-325,2382.0,OEDB experimental Raman,experimental_raman_index,https://oedb.jp,10.1038/s41524-026-02093-y,2026-05-11,Li,ClO4,EMC,3.0
exp-326,,OEDB experimental Raman,experimental_raman_index,https://oedb.jp,10.1038/s41524-026-02093-y,2026-05-11,Li,ClO4,EMC,3.25
exp-327,2383.0,OEDB experimental Raman,experimental_raman_index,https://oedb.jp,10.1038/s41524-026-02093-y,2026-05-11,Li,ClO4,EMC,3.5
exp-328,,OEDB experimental Raman,experimental_raman_index,https://oedb.jp,10.1038/s41524-026-02093-y,2026-05-11,Li,ClO4,EMS,0.25
exp-329,,OEDB experimental Raman,experimental_raman_index,https://oedb.jp,10.1038/s41524-026-02093-y,2026-05-11,Li,ClO4,EMS,0.5
exp-330,,OEDB experimental Raman,experimental_raman_index,https://oedb.jp,10.1038/s41524-026-02093-y,2026-05-11,Li,ClO4,EMS,0.75
exp-331,,OEDB experimental Raman,experimental_raman_index,https://oedb.jp,10.1038/s41524-026-02093-y,2026-05-11,Li,ClO4,EiPS,0.25
exp-332,,OEDB experimental Raman,experimental_raman_index,https://oedb.jp,10.1038/s41524-026-02093-y,2026-05-11,Li,ClO4,EiPS,0.5
exp-333,,OEDB experimental Raman,experimental_raman_index,https://oedb.jp,10.1038/s41524-026-02093-y,2026-05-11,Li,ClO4,EiPS,0.75
exp-334,,OEDB experimental Raman,experimental_raman_index,https://oedb.jp,10.1038/s41524-026-02093-y,2026-05-11,Li,ClO4,EiPS,1.0
exp-335,,OEDB experimental Raman,experimental_raman_index,https://oedb.jp,10.1038/s41524-026-02093-y,2026-05-11,Li,ClO4,FEC,0.25
exp-336,2409.0,OEDB experimental Raman,experimental_raman_index,https://oedb.jp,10.1038/s41524-026-02093-y,2026-05-11,Li,ClO4,FEC,0.5
exp-337,,OEDB experimental Raman,experimental_raman_index,https://oedb.jp,10.1038/s41524-026-02093-y,2026-05-11,Li,ClO4,FEC,0.75
exp-338,2410.0,OEDB experimental Raman,experimental_raman_index,https://oedb.jp,10.1038/s41524-026-02093-y,2026-05-11,Li,ClO4,FEC,1.0
exp-339,,OEDB experimental Raman,experimental_raman_index,https://oedb.jp,10.1038/s41524-026-02093-y,2026-05-11,Li,ClO4,FEC,1.25
exp-340,2411.0,OEDB experimental Raman,experimental_raman_index,https://oedb.jp,10.1038/s41524-026-02093-y,2026-05-11,Li,ClO4,FEC,1.5
exp-341,,OEDB experimental Raman,experimental_raman_index,https://oedb.jp,10.1038/s41524-026-02093-y,2026-05-11,Li,ClO4,FEC,1.75
exp-342,,OEDB experimental Raman,experimental_raman_index,https://oedb.jp,10.1038/s41524-026-02093-y,2026-05-11,Li,ClO4,FEMC,0.25
exp-343,2417.0,OEDB experimental Raman,experimental_raman_index,https://oedb.jp,10.1038/s41524-026-02093-y,2026-05-11,Li,ClO4,FEMC,0.5
exp-344,,OEDB experimental Raman,experimental_raman_index,https://oedb.jp,10.1038/s41524-026-02093-y,2026-05-11,Li,ClO4,FEMC,0.75
exp-345,2418.0,OEDB experimental Raman,experimental_raman_index,https://oedb.jp,10.1038/s41524-026-02093-y,2026-05-11,Li,ClO4,FEMC,1.0
exp-346,,OEDB experimental Raman,experimental_raman_index,https://oedb.jp,10.1038/s41524-026-02093-y,2026-05-11,Li,ClO4,FEMC,1.25
exp-347,2419.0,OEDB experimental Raman,experimental_raman_index,https://oedb.jp,10.1038/s41524-026-02093-y,2026-05-11,Li,ClO4,FEMC,1.5
exp-348,,OEDB experimental Raman,experimental_raman_index,https://oedb.jp,10.1038/s41524-026-02093-y,2026-05-11,Li,ClO4,FEMC,1.75
exp-349,2420.0,OEDB experimental Raman,experimental_raman_index,https://oedb.jp,10.1038/s41524-026-02093-y,2026-05-11,Li,ClO4,FEMC,2.0
exp-350,,OEDB experimental Raman,experimental_raman_index,https://oedb.jp,10.1038/s41524-026-02093-y,2026-05-11,Li,ClO4,FEMC,2.25
exp-351,2421.0,OEDB experimental Raman,experimental_raman_index,https://oedb.jp,10.1038/s41524-026-02093-y,2026-05-11,Li,ClO4,FEMC,2.5
exp-352,,OEDB experimental Raman,experimental_raman_index,https://oedb.jp,10.1038/s41524-026-02093-y,2026-05-11,Li,ClO4,FEMC,2.75
exp-353,2422.0,OEDB experimental Raman,experimental_raman_index,https://oedb.jp,10.1038/s41524-026-02093-y,2026-05-11,Li,ClO4,FEMC,3.0
exp-354,,OEDB experimental Raman,experimental_raman_index,https://oedb.jp,10.1038/s41524-026-02093-y,2026-05-11,Li,ClO4,GBL,0.25
exp-355,2425.0,OEDB experimental Raman,experimental_raman_index,https://oedb.jp,10.1038/s41524-026-02093-y,2026-05-11,Li,ClO4,GBL,0.5
exp-356,,OEDB experimental Raman,experimental_raman_index,https://oedb.jp,10.1038/s41524-026-02093-y,2026-05-11,Li,ClO4,GBL,0.75
exp-357,2426.0,OEDB experimental Raman,experimental_raman_index,https://oedb.jp,10.1038/s41524-026-02093-y,2026-05-11,Li,ClO4,GBL,1.0
exp-358,,OEDB experimental Raman,experimental_raman_index,https://oedb.jp,10.1038/s41524-026-02093-y,2026-05-11,Li,ClO4,GBL,1.25
exp-359,2427.0,OEDB experimental Raman,experimental_raman_index,https://oedb.jp,10.1038/s41524-026-02093-y,2026-05-11,Li,ClO4,GBL,1.5
exp-360,,OEDB experimental Raman,experimental_raman_index,https://oedb.jp,10.1038/s41524-026-02093-y,2026-05-11,Li,ClO4,GBL,1.75
exp-361,2428.0,OEDB experimental Raman,experimental_raman_index,https://oedb.jp,10.1038/s41524-026-02093-y,2026-05-11,Li,ClO4,GBL,2.0
exp-362,,OEDB experimental Raman,experimental_raman_index,https://oedb.jp,10.1038/s41524-026-02093-y,2026-05-11,Li,ClO4,GBL,2.25
exp-363,2429.0,OEDB experimental Raman,experimental_raman_index,https://oedb.jp,10.1038/s41524-026-02093-y,2026-05-11,Li,ClO4,GBL,2.5
exp-364,,OEDB experimental Raman,experimental_raman_index,https://oedb.jp,10.1038/s41524-026-02093-y,2026-05-11,Li,ClO4,GBL,2.75
exp-365,,OEDB experimental Raman,experimental_raman_index,https://oedb.jp,10.1038/s41524-026-02093-y,2026-05-11,Li,ClO4,MSL,0.25
exp-366,,OEDB experimental Raman,experimental_raman_index,https://oedb.jp,10.1038/s41524-026-02093-y,2026-05-11,Li,ClO4,MSL,0.5
exp-367,,OEDB experimental Raman,experimental_raman_index,https://oedb.jp,10.1038/s41524-026-02093-y,2026-05-11,Li,ClO4,MSL,0.75
exp-368,,OEDB experimental Raman,experimental_raman_index,https://oedb.jp,10.1038/s41524-026-02093-y,2026-05-11,Li,ClO4,MSL,1.0
exp-369,,OEDB experimental Raman,experimental_raman_index,https://oedb.jp,10.1038/s41524-026-02093-y,2026-05-11,Li,ClO4,PC,0.25
exp-370,2465.0,OEDB experimental Raman,experimental_raman_index,https://oedb.jp,10.1038/s41524-026-02093-y,2026-05-11,Li,ClO4,PC,0.5
exp-371,,OEDB experimental Raman,experimental_raman_index,https://oedb.jp,10.1038/s41524-026-02093-y,2026-05-11,Li,ClO4,PC,0.75
exp-372,2466.0,OEDB experimental Raman,experimental_raman_index,https://oedb.jp,10.1038/s41524-026-02093-y,2026-05-11,Li,ClO4,PC,1.0
exp-373,,OEDB experimental Raman,experimental_raman_index,https://oedb.jp,10.1038/s41524-026-02093-y,2026-05-11,Li,ClO4,PC,1.25
exp-374,2467.0,OEDB experimental Raman,experimental_raman_index,https://oedb.jp,10.1038/s41524-026-02093-y,2026-05-11,Li,ClO4,PC,1.5
exp-375,,OEDB experimental Raman,experimental_raman_index,https://oedb.jp,10.1038/s41524-026-02093-y,2026-05-11,Li,ClO4,PC,1.75
exp-376,2468.0,OEDB experimental Raman,experimental_raman_index,https://oedb.jp,10.1038/s41524-026-02093-y,2026-05-11,Li,ClO4,PC,2.0
exp-377,,OEDB experimental Raman,experimental_raman_index,https://oedb.jp,10.1038/s41524-026-02093-y,2026-05-11,Li,ClO4,SL,0.25
exp-378,,OEDB experimental Raman,experimental_raman_index,https://oedb.jp,10.1038/s41524-026-02093-y,2026-05-11,Li,ClO4,SL,0.5
exp-379,,OEDB experimental Raman,experimental_raman_index,https://oedb.jp,10.1038/s41524-026-02093-y,2026-05-11,Li,ClO4,SL,0.75
exp-380,,OEDB experimental Raman,experimental_raman_index,https://oedb.jp,10.1038/s41524-026-02093-y,2026-05-11,Li,ClO4,SL,1.0
exp-381,,OEDB experimental Raman,experimental_raman_index,https://oedb.jp,10.1038/s41524-026-02093-y,2026-05-11,Li,ClO4,TEP,0.25
exp-382,2481.0,OEDB experimental Raman,experimental_raman_index,https://oedb.jp,10.1038/s41524-026-02093-y,2026-05-11,Li,ClO4,TEP,0.5
exp-383,,OEDB experimental Raman,experimental_raman_index,https://oedb.jp,10.1038/s41524-026-02093-y,2026-05-11,Li,ClO4,TEP,0.75
exp-384,2482.0,OEDB experimental Raman,experimental_raman_index,https://oedb.jp,10.1038/s41524-026-02093-y,2026-05-11,Li,ClO4,TEP,1.0
exp-385,,OEDB experimental Raman,experimental_raman_index,https://oedb.jp,10.1038/s41524-026-02093-y,2026-05-11,Li,ClO4,TEP,1.25
exp-386,2483.0,OEDB experimental Raman,experimental_raman_index,https://oedb.jp,10.1038/s41524-026-02093-y,2026-05-11,Li,ClO4,TEP,1.5
exp-387,,OEDB experimental Raman,experimental_raman_index,https://oedb.jp,10.1038/s41524-026-02093-y,2026-05-11,Li,ClO4,TEP,1.75
exp-388,2484.0,OEDB experimental Raman,experimental_raman_index,https://oedb.jp,10.1038/s41524-026-02093-y,2026-05-11,Li,ClO4,TEP,2.0
exp-389,,OEDB experimental Raman,experimental_raman_index,https://oedb.jp,10.1038/s41524-026-02093-y,2026-05-11,Li,ClO4,THF,0.25
exp-390,,OEDB experimental Raman,experimental_raman_index,https://oedb.jp,10.1038/s41524-026-02093-y,2026-05-11,Li,ClO4,THF,0.5
exp-391,,OEDB experimental Raman,experimental_raman_index,https://oedb.jp,10.1038/s41524-026-02093-y,2026-05-11,Li,ClO4,THF,0.75
exp-392,,OEDB experimental Raman,experimental_raman_index,https://oedb.jp,10.1038/s41524-026-02093-y,2026-05-11,Li,ClO4,THF,1.0
exp-393,,OEDB experimental Raman,experimental_raman_index,https://oedb.jp,10.1038/s41524-026-02093-y,2026-05-11,Li,ClO4,THF,1.25
exp-394,,OEDB experimental Raman,experimental_raman_index,https://oedb.jp,10.1038/s41524-026-02093-y,2026-05-11,Li,ClO4,THF,1.5
exp-395,,OEDB experimental Raman,experimental_raman_index,https://oedb.jp,10.1038/s41524-026-02093-y,2026-05-11,Li,ClO4,THF,1.75
exp-396,,OEDB experimental Raman,experimental_raman_index,https://oedb.jp,10.1038/s41524-026-02093-y,2026-05-11,Li,ClO4,THF,2.0
exp-397,,OEDB experimental Raman,experimental_raman_index,https://oedb.jp,10.1038/s41524-026-02093-y,2026-05-11,Li,ClO4,THF,2.25
exp-398,,OEDB experimental Raman,experimental_raman_index,https://oedb.jp,10.1038/s41524-026-02093-y,2026-05-11,Li,ClO4,THF,2.5
exp-399,,OEDB experimental Raman,experimental_raman_index,https://oedb.jp,10.1038/s41524-026-02093-y,2026-05-11,Li,ClO4,THP,0.25
exp-400,,OEDB experimental Raman,experimental_raman_index,https://oedb.jp,10.1038/s41524-026-02093-y,2026-05-11,Li,ClO4,THP,0.5
exp-401,,OEDB experimental Raman,experimental_raman_index,https://oedb.jp,10.1038/s41524-026-02093-y,2026-05-11,Li,ClO4,THP,0.75
exp-402,,OEDB experimental Raman,experimental_raman_index,https://oedb.jp,10.1038/s41524-026-02093-y,2026-05-11,Li,ClO4,THP,1.0
exp-403,,OEDB experimental Raman,experimental_raman_index,https://oedb.jp,10.1038/s41524-026-02093-y,2026-05-11,Li,ClO4,THP,1.25
exp-404,,OEDB experimental Raman,experimental_raman_index,https://oedb.jp,10.1038/s41524-026-02093-y,2026-05-11,Li,ClO4,THP,1.5
exp-405,,OEDB experimental Raman,experimental_raman_index,https://oedb.jp,10.1038/s41524-026-02093-y,2026-05-11,Li,ClO4,THP,1.75
exp-406,,OEDB experimental Raman,experimental_raman_index,https://oedb.jp,10.1038/s41524-026-02093-y,2026-05-11,Li,ClO4,THP,2.0
exp-407,,OEDB experimental Raman,experimental_raman_index,https://oedb.jp,10.1038/s41524-026-02093-y,2026-05-11,Li,ClO4,THP,2.25
exp-408,,OEDB experimental Raman,experimental_raman_index,https://oedb.jp,10.1038/s41524-026-02093-y,2026-05-11,Li,ClO4,THP,2.5
exp-409,,OEDB experimental Raman,experimental_raman_index,https://oedb.jp,10.1038/s41524-026-02093-y,2026-05-11,Li,ClO4,THP,2.75
exp-410,,OEDB experimental Raman,experimental_raman_index,https://oedb.jp,10.1038/s41524-026-02093-y,2026-05-11,Li,ClO4,THP,3.0
exp-411,,OEDB experimental Raman,experimental_raman_index,https://oedb.jp,10.1038/s41524-026-02093-y,2026-05-11,Li,ClO4,THP,3.25
exp-412,,OEDB experimental Raman,experimental_raman_index,https://oedb.jp,10.1038/s41524-026-02093-y,2026-05-11,Li,ClO4,THP,3.5
exp-413,,OEDB experimental Raman,experimental_raman_index,https://oedb.jp,10.1038/s41524-026-02093-y,2026-05-11,Li,ClO4,TMP,0.25
exp-414,2489.0,OEDB experimental Raman,experimental_raman_index,https://oedb.jp,10.1038/s41524-026-02093-y,2026-05-11,Li,ClO4,TMP,0.5
exp-415,,OEDB experimental Raman,experimental_raman_index,https://oedb.jp,10.1038/s41524-026-02093-y,2026-05-11,Li,ClO4,TMP,0.75
exp-416,2490.0,OEDB experimental Raman,experimental_raman_index,https://oedb.jp,10.1038/s41524-026-02093-y,2026-05-11,Li,ClO4,TMP,1.0
exp-417,,OEDB experimental Raman,experimental_raman_index,https://oedb.jp,10.1038/s41524-026-02093-y,2026-05-11,Li,ClO4,TMP,1.25
exp-418,2491.0,OEDB experimental Raman,experimental_raman_index,https://oedb.jp,10.1038/s41524-026-02093-y,2026-05-11,Li,ClO4,TMP,1.5
exp-419,,OEDB experimental Raman,experimental_raman_index,https://oedb.jp,10.1038/s41524-026-02093-y,2026-05-11,Li,ClO4,TMP,1.75
exp-420,2492.0,OEDB experimental Raman,experimental_raman_index,https://oedb.jp,10.1038/s41524-026-02093-y,2026-05-11,Li,ClO4,TMP,2.0
exp-421,,OEDB experimental Raman,experimental_raman_index,https://oedb.jp,10.1038/s41524-026-02093-y,2026-05-11,Li,DFOB,AN,0.25
exp-422,2497.0,OEDB experimental Raman,experimental_raman_index,https://oedb.jp,10.1038/s41524-026-02093-y,2026-05-11,Li,DFOB,AN,0.5
exp-423,,OEDB experimental Raman,experimental_raman_index,https://oedb.jp,10.1038/s41524-026-02093-y,2026-05-11,Li,DFOB,AN,0.75
exp-424,2498.0,OEDB experimental Raman,experimental_raman_index,https://oedb.jp,10.1038/s41524-026-02093-y,2026-05-11,Li,DFOB,AN,1.0
exp-425,,OEDB experimental Raman,experimental_raman_index,https://oedb.jp,10.1038/s41524-026-02093-y,2026-05-11,Li,DFOB,AN,1.25
exp-426,2499.0,OEDB experimental Raman,experimental_raman_index,https://oedb.jp,10.1038/s41524-026-02093-y,2026-05-11,Li,DFOB,AN,1.5
exp-427,,OEDB experimental Raman,experimental_raman_index,https://oedb.jp,10.1038/s41524-026-02093-y,2026-05-11,Li,DFOB,AN,1.75
exp-428,2500.0,OEDB experimental Raman,experimental_raman_index,https://oedb.jp,10.1038/s41524-026-02093-y,2026-05-11,Li,DFOB,AN,2.0
exp-429,,OEDB experimental Raman,experimental_raman_index,https://oedb.jp,10.1038/s41524-026-02093-y,2026-05-11,Li,DFOB,AN,2.25
exp-430,2501.0,OEDB experimental Raman,experimental_raman_index,https://oedb.jp,10.1038/s41524-026-02093-y,2026-05-11,Li,DFOB,AN,2.5
exp-431,,OEDB experimental Raman,experimental_raman_index,https://oedb.jp,10.1038/s41524-026-02093-y,2026-05-11,Li,DFOB,AN,2.75
exp-432,2502.0,OEDB experimental Raman,experimental_raman_index,https://oedb.jp,10.1038/s41524-026-02093-y,2026-05-11,Li,DFOB,AN,3.0
exp-433,,OEDB experimental Raman,experimental_raman_index,https://oedb.jp,10.1038/s41524-026-02093-y,2026-05-11,Li,DFOB,AN,3.25
exp-434,2503.0,OEDB experimental Raman,experimental_raman_index,https://oedb.jp,10.1038/s41524-026-02093-y,2026-05-11,Li,DFOB,AN,3.5
exp-435,,OEDB experimental Raman,experimental_raman_index,https://oedb.jp,10.1038/s41524-026-02093-y,2026-05-11,Li,DFOB,Ac,0.25
exp-436,2513.0,OEDB experimental Raman,experimental_raman_index,https://oedb.jp,10.1038/s41524-026-02093-y,2026-05-11,Li,DFOB,Ac,0.5
exp-437,,OEDB experimental Raman,experimental_raman_index,https://oedb.jp,10.1038/s41524-026-02093-y,2026-05-11,Li,DFOB,Ac,0.75
exp-438,2514.0,OEDB experimental Raman,experimental_raman_index,https://oedb.jp,10.1038/s41524-026-02093-y,2026-05-11,Li,DFOB,Ac,1.0
exp-439,,OEDB experimental Raman,experimental_raman_index,https://oedb.jp,10.1038/s41524-026-02093-y,2026-05-11,Li,DFOB,Ac,1.25
exp-440,,OEDB experimental Raman,experimental_raman_index,https://oedb.jp,10.1038/s41524-026-02093-y,2026-05-11,Li,DFOB,Ac,1.25
exp-441,2515.0,OEDB experimental Raman,experimental_raman_index,https://oedb.jp,10.1038/s41524-026-02093-y,2026-05-11,Li,DFOB,Ac,1.5
exp-442,,OEDB experimental Raman,experimental_raman_index,https://oedb.jp,10.1038/s41524-026-02093-y,2026-05-11,Li,DFOB,Ac,1.75
exp-443,,OEDB experimental Raman,experimental_raman_index,https://oedb.jp,10.1038/s41524-026-02093-y,2026-05-11,Li,DFOB,DEE,0.25
exp-444,,OEDB experimental Raman,experimental_raman_index,https://oedb.jp,10.1038/s41524-026-02093-y,2026-05-11,Li,DFOB,DEE,0.5
exp-445,,OEDB experimental Raman,experimental_raman_index,https://oedb.jp,10.1038/s41524-026-02093-y,2026-05-11,Li,DFOB,DEE,0.75
exp-446,,OEDB experimental Raman,experimental_raman_index,https://oedb.jp,10.1038/s41524-026-02093-y,2026-05-11,Li,DFOB,DEE,1.0
exp-447,,OEDB experimental Raman,experimental_raman_index,https://oedb.jp,10.1038/s41524-026-02093-y,2026-05-11,Li,DFOB,DEE,1.25
exp-448,,OEDB experimental Raman,experimental_raman_index,https://oedb.jp,10.1038/s41524-026-02093-y,2026-05-11,Li,DFOB,DEE,1.5
exp-449,,OEDB experimental Raman,experimental_raman_index,https://oedb.jp,10.1038/s41524-026-02093-y,2026-05-11,Li,DFOB,DEE,1.75
exp-450,,OEDB experimental Raman,experimental_raman_index,https://oedb.jp,10.1038/s41524-026-02093-y,2026-05-11,Li,DFOB,DEE,2.0
exp-451,,OEDB experimental Raman,experimental_raman_index,https://oedb.jp,10.1038/s41524-026-02093-y,2026-05-11,Li,DFOB,DEE,2.25
exp-452,,OEDB experimental Raman,experimental_raman_index,https://oedb.jp,10.1038/s41524-026-02093-y,2026-05-11,Li,DFOB,DEE,2.5
exp-453,,OEDB experimental Raman,experimental_raman_index,https://oedb.jp,10.1038/s41524-026-02093-y,2026-05-11,Li,DFOB,DEE,2.75
exp-454,,OEDB experimental Raman,experimental_raman_index,https://oedb.jp,10.1038/s41524-026-02093-y,2026-05-11,Li,DFOB,DEE,3.0
exp-455,,OEDB experimental Raman,experimental_raman_index,https://oedb.jp,10.1038/s41524-026-02093-y,2026-05-11,Li,DFOB,DEE,3.25
exp-456,,OEDB experimental Raman,experimental_raman_index,https://oedb.jp,10.1038/s41524-026-02093-y,2026-05-11,Li,DFOB,DEE,3.5
exp-457,,OEDB experimental Raman,experimental_raman_index,https://oedb.jp,10.1038/s41524-026-02093-y,2026-05-11,Li,DFOB,DME,0.25
exp-458,,OEDB experimental Raman,experimental_raman_index,https://oedb.jp,10.1038/s41524-026-02093-y,2026-05-11,Li,DFOB,DME,0.5
exp-459,,OEDB experimental Raman,experimental_raman_index,https://oedb.jp,10.1038/s41524-026-02093-y,2026-05-11,Li,DFOB,DME,0.75
exp-460,,OEDB experimental Raman,experimental_raman_index,https://oedb.jp,10.1038/s41524-026-02093-y,2026-05-11,Li,DFOB,DME,1.0
exp-461,,OEDB experimental Raman,experimental_raman_index,https://oedb.jp,10.1038/s41524-026-02093-y,2026-05-11,Li,DFOB,DME,1.25
exp-462,,OEDB experimental Raman,experimental_raman_index,https://oedb.jp,10.1038/s41524-026-02093-y,2026-05-11,Li,DFOB,DME,1.5
exp-463,,OEDB experimental Raman,experimental_raman_index,https://oedb.jp,10.1038/s41524-026-02093-y,2026-05-11,Li,DFOB,DME,1.75
exp-464,,OEDB experimental Raman,experimental_raman_index,https://oedb.jp,10.1038/s41524-026-02093-y,2026-05-11,Li,DFOB,DME,2.0
exp-465,,OEDB experimental Raman,experimental_raman_index,https://oedb.jp,10.1038/s41524-026-02093-y,2026-05-11,Li,DFOB,DME,2.25
exp-466,,OEDB experimental Raman,experimental_raman_index,https://oedb.jp,10.1038/s41524-026-02093-y,2026-05-11,Li,DFOB,DME,2.5
exp-467,,OEDB experimental Raman,experimental_raman_index,https://oedb.jp,10.1038/s41524-026-02093-y,2026-05-11,Li,DFOB,DME,2.75
exp-468,,OEDB experimental Raman,experimental_raman_index,https://oedb.jp,10.1038/s41524-026-02093-y,2026-05-11,Li,DFOB,DME,3.0
exp-469,,OEDB experimental Raman,experimental_raman_index,https://oedb.jp,10.1038/s41524-026-02093-y,2026-05-11,Li,DFOB,DME,3.25
exp-470,,OEDB experimental Raman,experimental_raman_index,https://oedb.jp,10.1038/s41524-026-02093-y,2026-05-11,Li,DFOB,DME,3.5
exp-471,,OEDB experimental Raman,experimental_raman_index,https://oedb.jp,10.1038/s41524-026-02093-y,2026-05-11,Li,DFOB,DMSO,0.25
exp-472,2553.0,OEDB experimental Raman,experimental_raman_index,https://oedb.jp,10.1038/s41524-026-02093-y,2026-05-11,Li,DFOB,DMSO,0.5
exp-473,,OEDB experimental Raman,experimental_raman_index,https://oedb.jp,10.1038/s41524-026-02093-y,2026-05-11,Li,DFOB,DMSO,0.75
exp-474,2554.0,OEDB experimental Raman,experimental_raman_index,https://oedb.jp,10.1038/s41524-026-02093-y,2026-05-11,Li,DFOB,DMSO,1.0
exp-475,,OEDB experimental Raman,experimental_raman_index,https://oedb.jp,10.1038/s41524-026-02093-y,2026-05-11,Li,DFOB,DMSO,1.25
exp-476,2555.0,OEDB experimental Raman,experimental_raman_index,https://oedb.jp,10.1038/s41524-026-02093-y,2026-05-11,Li,DFOB,DMSO,1.5
exp-477,,OEDB experimental Raman,experimental_raman_index,https://oedb.jp,10.1038/s41524-026-02093-y,2026-05-11,Li,DFOB,DMSO,1.75
exp-478,2556.0,OEDB experimental Raman,experimental_raman_index,https://oedb.jp,10.1038/s41524-026-02093-y,2026-05-11,Li,DFOB,DMSO,2.0
exp-479,,OEDB experimental Raman,experimental_raman_index,https://oedb.jp,10.1038/s41524-026-02093-y,2026-05-11,Li,DFOB,DMSO,2.25
exp-480,2557.0,OEDB experimental Raman,experimental_raman_index,https://oedb.jp,10.1038/s41524-026-02093-y,2026-05-11,Li,DFOB,DMSO,2.5
exp-481,,OEDB experimental Raman,experimental_raman_index,https://oedb.jp,10.1038/s41524-026-02093-y,2026-05-11,Li,DFOB,DMSO,2.75
exp-482,2558.0,OEDB experimental Raman,experimental_raman_index,https://oedb.jp,10.1038/s41524-026-02093-y,2026-05-11,Li,DFOB,DMSO,3.0
exp-483,,OEDB experimental Raman,experimental_raman_index,https://oedb.jp,10.1038/s41524-026-02093-y,2026-05-11,Li,DFOB,DMSO,3.25
exp-484,2559.0,OEDB experimental Raman,experimental_raman_index,https://oedb.jp,10.1038/s41524-026-02093-y,2026-05-11,Li,DFOB,DMSO,3.5
exp-485,2559.0,OEDB experimental Raman,experimental_raman_index,https://oedb.jp,10.1038/s41524-026-02093-y,2026-05-11,Li,DFOB,DMSO,3.5
exp-486,,OEDB experimental Raman,experimental_raman_index,https://oedb.jp,10.1038/s41524-026-02093-y,2026-05-11,Li,DFOB,EA,0.25
exp-487,2561.0,OEDB experimental Raman,experimental_raman_index,https://oedb.jp,10.1038/s41524-026-02093-y,2026-05-11,Li,DFOB,EA,0.5
exp-488,,OEDB experimental Raman,experimental_raman_index,https://oedb.jp,10.1038/s41524-026-02093-y,2026-05-11,Li,DFOB,EA,0.75
exp-489,2562.0,OEDB experimental Raman,experimental_raman_index,https://oedb.jp,10.1038/s41524-026-02093-y,2026-05-11,Li,DFOB,EA,1.0
exp-490,,OEDB experimental Raman,experimental_raman_index,https://oedb.jp,10.1038/s41524-026-02093-y,2026-05-11,Li,DFOB,EA,1.25
exp-491,2563.0,OEDB experimental Raman,experimental_raman_index,https://oedb.jp,10.1038/s41524-026-02093-y,2026-05-11,Li,DFOB,EA,1.5
exp-492,,OEDB experimental Raman,experimental_raman_index,https://oedb.jp,10.1038/s41524-026-02093-y,2026-05-11,Li,DFOB,EA,1.75
exp-493,2564.0,OEDB experimental Raman,experimental_raman_index,https://oedb.jp,10.1038/s41524-026-02093-y,2026-05-11,Li,DFOB,EA,2.0
exp-494,,OEDB experimental Raman,experimental_raman_index,https://oedb.jp,10.1038/s41524-026-02093-y,2026-05-11,Li,DFOB,EA,2.25
exp-495,2565.0,OEDB experimental Raman,experimental_raman_index,https://oedb.jp,10.1038/s41524-026-02093-y,2026-05-11,Li,DFOB,EA,2.5
exp-496,,OEDB experimental Raman,experimental_raman_index,https://oedb.jp,10.1038/s41524-026-02093-y,2026-05-11,Li,DFOB,EA,2.75
exp-497,2566.0,OEDB experimental Raman,experimental_raman_index,https://oedb.jp,10.1038/s41524-026-02093-y,2026-05-11,Li,DFOB,EA,3.0
exp-498,,OEDB experimental Raman,experimental_raman_index,https://oedb.jp,10.1038/s41524-026-02093-y,2026-05-11,Li,DFOB,EA,3.25
exp-499,2567.0,OEDB experimental Raman,experimental_raman_index,https://oedb.jp,10.1038/s41524-026-02093-y,2026-05-11,Li,DFOB,EA,3.5
exp-500,,OEDB experimental Raman,experimental_raman_index,https://oedb.jp,10.1038/s41524-026-02093-y,2026-05-11,Li,DFOB,EC,0.75
exp-501,2578.0,OEDB experimental Raman,experimental_raman_index,https://oedb.jp,10.1038/s41524-026-02093-y,2026-05-11,Li,DFOB,EC,1.0
exp-502,,OEDB experimental Raman,experimental_raman_index,https://oedb.jp,10.1038/s41524-026-02093-y,2026-05-11,Li,DFOB,EC,1.25
exp-503,2579.0,OEDB experimental Raman,experimental_raman_index,https://oedb.jp,10.1038/s41524-026-02093-y,2026-05-11,Li,DFOB,EC,1.5
exp-504,,OEDB experimental Raman,experimental_raman_index,https://oedb.jp,10.1038/s41524-026-02093-y,2026-05-11,Li,DFOB,EC,1.75
exp-505,2580.0,OEDB experimental Raman,experimental_raman_index,https://oedb.jp,10.1038/s41524-026-02093-y,2026-05-11,Li,DFOB,EC,2.0
exp-506,,OEDB experimental Raman,experimental_raman_index,https://oedb.jp,10.1038/s41524-026-02093-y,2026-05-11,Li,DFOB,EC,2.25
exp-507,,OEDB experimental Raman,experimental_raman_index,https://oedb.jp,10.1038/s41524-026-02093-y,2026-05-11,Li,DFOB,EMC,0.25
exp-508,2585.0,OEDB experimental Raman,experimental_raman_index,https://oedb.jp,10.1038/s41524-026-02093-y,2026-05-11,Li,DFOB,EMC,0.5
exp-509,,OEDB experimental Raman,experimental_raman_index,https://oedb.jp,10.1038/s41524-026-02093-y,2026-05-11,Li,DFOB,EMC,0.75
exp-510,2586.0,OEDB experimental Raman,experimental_raman_index,https://oedb.jp,10.1038/s41524-026-02093-y,2026-05-11,Li,DFOB,EMC,1.0
exp-511,,OEDB experimental Raman,experimental_raman_index,https://oedb.jp,10.1038/s41524-026-02093-y,2026-05-11,Li,DFOB,EMC,1.25
exp-512,2587.0,OEDB experimental Raman,experimental_raman_index,https://oedb.jp,10.1038/s41524-026-02093-y,2026-05-11,Li,DFOB,EMC,1.5
exp-513,,OEDB experimental Raman,experimental_raman_index,https://oedb.jp,10.1038/s41524-026-02093-y,2026-05-11,Li,DFOB,EMC,1.75
exp-514,2588.0,OEDB experimental Raman,experimental_raman_index,https://oedb.jp,10.1038/s41524-026-02093-y,2026-05-11,Li,DFOB,EMC,2.0
exp-515,,OEDB experimental Raman,experimental_raman_index,https://oedb.jp,10.1038/s41524-026-02093-y,2026-05-11,Li,DFOB,EMC,2.25
exp-516,2589.0,OEDB experimental Raman,experimental_raman_index,https://oedb.jp,10.1038/s41524-026-02093-y,2026-05-11,Li,DFOB,EMC,2.5
exp-517,,OEDB experimental Raman,experimental_raman_index,https://oedb.jp,10.1038/s41524-026-02093-y,2026-05-11,Li,DFOB,EMC,2.75
exp-518,,OEDB experimental Raman,experimental_raman_index,https://oedb.jp,10.1038/s41524-026-02093-y,2026-05-11,Li,DFOB,EMS,0.25
exp-519,,OEDB experimental Raman,experimental_raman_index,https://oedb.jp,10.1038/s41524-026-02093-y,2026-05-11,Li,DFOB,EMS,0.5
exp-520,,OEDB experimental Raman,experimental_raman_index,https://oedb.jp,10.1038/s41524-026-02093-y,2026-05-11,Li,DFOB,EMS,0.75
exp-521,,OEDB experimental Raman,experimental_raman_index,https://oedb.jp,10.1038/s41524-026-02093-y,2026-05-11,Li,DFOB,EMS,1.0
exp-522,,OEDB experimental Raman,experimental_raman_index,https://oedb.jp,10.1038/s41524-026-02093-y,2026-05-11,Li,DFOB,EMS,1.25
exp-523,,OEDB experimental Raman,experimental_raman_index,https://oedb.jp,10.1038/s41524-026-02093-y,2026-05-11,Li,DFOB,EMS,1.5
exp-524,,OEDB experimental Raman,experimental_raman_index,https://oedb.jp,10.1038/s41524-026-02093-y,2026-05-11,Li,DFOB,EMS,1.75
exp-525,,OEDB experimental Raman,experimental_raman_index,https://oedb.jp,10.1038/s41524-026-02093-y,2026-05-11,Li,DFOB,EiPS,0.25
exp-526,,OEDB experimental Raman,experimental_raman_index,https://oedb.jp,10.1038/s41524-026-02093-y,2026-05-11,Li,DFOB,EiPS,0.5
exp-527,,OEDB experimental Raman,experimental_raman_index,https://oedb.jp,10.1038/s41524-026-02093-y,2026-05-11,Li,DFOB,EiPS,0.75
exp-528,,OEDB experimental Raman,experimental_raman_index,https://oedb.jp,10.1038/s41524-026-02093-y,2026-05-11,Li,DFOB,EiPS,1.0
exp-529,,OEDB experimental Raman,experimental_raman_index,https://oedb.jp,10.1038/s41524-026-02093-y,2026-05-11,Li,DFOB,EiPS,1.25
exp-530,,OEDB experimental Raman,experimental_raman_index,https://oedb.jp,10.1038/s41524-026-02093-y,2026-05-11,Li,DFOB,EiPS,1.5
exp-531,,OEDB experimental Raman,experimental_raman_index,https://oedb.jp,10.1038/s41524-026-02093-y,2026-05-11,Li,DFOB,FEC,0.25
exp-532,2617.0,OEDB experimental Raman,experimental_raman_index,https://oedb.jp,10.1038/s41524-026-02093-y,2026-05-11,Li,DFOB,FEC,0.5
exp-533,,OEDB experimental Raman,experimental_raman_index,https://oedb.jp,10.1038/s41524-026-02093-y,2026-05-11,Li,DFOB,FEC,0.75
exp-534,2618.0,OEDB experimental Raman,experimental_raman_index,https://oedb.jp,10.1038/s41524-026-02093-y,2026-05-11,Li,DFOB,FEC,1.0
exp-535,,OEDB experimental Raman,experimental_raman_index,https://oedb.jp,10.1038/s41524-026-02093-y,2026-05-11,Li,DFOB,G2,0.25
exp-536,,OEDB experimental Raman,experimental_raman_index,https://oedb.jp,10.1038/s41524-026-02093-y,2026-05-11,Li,DFOB,G2,0.5
exp-537,,OEDB experimental Raman,experimental_raman_index,https://oedb.jp,10.1038/s41524-026-02093-y,2026-05-11,Li,DFOB,G2,0.75
exp-538,,OEDB experimental Raman,experimental_raman_index,https://oedb.jp,10.1038/s41524-026-02093-y,2026-05-11,Li,DFOB,G2,1.0
exp-539,,OEDB experimental Raman,experimental_raman_index,https://oedb.jp,10.1038/s41524-026-02093-y,2026-05-11,Li,DFOB,G2,1.25
exp-540,,OEDB experimental Raman,experimental_raman_index,https://oedb.jp,10.1038/s41524-026-02093-y,2026-05-11,Li,DFOB,G2,1.5
exp-541,,OEDB experimental Raman,experimental_raman_index,https://oedb.jp,10.1038/s41524-026-02093-y,2026-05-11,Li,DFOB,G2,1.75
exp-542,,OEDB experimental Raman,experimental_raman_index,https://oedb.jp,10.1038/s41524-026-02093-y,2026-05-11,Li,DFOB,G2,2.0
exp-543,,OEDB experimental Raman,experimental_raman_index,https://oedb.jp,10.1038/s41524-026-02093-y,2026-05-11,Li,DFOB,G2,2.25
exp-544,,OEDB experimental Raman,experimental_raman_index,https://oedb.jp,10.1038/s41524-026-02093-y,2026-05-11,Li,DFOB,G2,2.5
exp-545,,OEDB experimental Raman,experimental_raman_index,https://oedb.jp,10.1038/s41524-026-02093-y,2026-05-11,Li,DFOB,G2,2.75
exp-546,,OEDB experimental Raman,experimental_raman_index,https://oedb.jp,10.1038/s41524-026-02093-y,2026-05-11,Li,DFOB,G2,3.0
exp-547,,OEDB experimental Raman,experimental_raman_index,https://oedb.jp,10.1038/s41524-026-02093-y,2026-05-11,Li,DFOB,G3,0.25
exp-548,,OEDB experimental Raman,experimental_raman_index,https://oedb.jp,10.1038/s41524-026-02093-y,2026-05-11,Li,DFOB,G3,0.5
exp-549,,OEDB experimental Raman,experimental_raman_index,https://oedb.jp,10.1038/s41524-026-02093-y,2026-05-11,Li,DFOB,G3,0.75
exp-550,,OEDB experimental Raman,experimental_raman_index,https://oedb.jp,10.1038/s41524-026-02093-y,2026-05-11,Li,DFOB,G3,1.0
exp-551,,OEDB experimental Raman,experimental_raman_index,https://oedb.jp,10.1038/s41524-026-02093-y,2026-05-11,Li,DFOB,G3,1.25
exp-552,,OEDB experimental Raman,experimental_raman_index,https://oedb.jp,10.1038/s41524-026-02093-y,2026-05-11,Li,DFOB,G3,1.5
exp-553,,OEDB experimental Raman,experimental_raman_index,https://oedb.jp,10.1038/s41524-026-02093-y,2026-05-11,Li,DFOB,G3,1.75
exp-554,,OEDB experimental Raman,experimental_raman_index,https://oedb.jp,10.1038/s41524-026-02093-y,2026-05-11,Li,DFOB,G3,2.0
exp-555,,OEDB experimental Raman,experimental_raman_index,https://oedb.jp,10.1038/s41524-026-02093-y,2026-05-11,Li,DFOB,G3,2.25
exp-556,,OEDB experimental Raman,experimental_raman_index,https://oedb.jp,10.1038/s41524-026-02093-y,2026-05-11,Li,DFOB,G3,2.5
exp-557,,OEDB experimental Raman,experimental_raman_index,https://oedb.jp,10.1038/s41524-026-02093-y,2026-05-11,Li,DFOB,G3,2.75
exp-558,,OEDB experimental Raman,experimental_raman_index,https://oedb.jp,10.1038/s41524-026-02093-y,2026-05-11,Li,DFOB,GBL,0.25
exp-559,2633.0,OEDB experimental Raman,experimental_raman_index,https://oedb.jp,10.1038/s41524-026-02093-y,2026-05-11,Li,DFOB,GBL,0.5
exp-560,,OEDB experimental Raman,experimental_raman_index,https://oedb.jp,10.1038/s41524-026-02093-y,2026-05-11,Li,DFOB,GBL,0.75
exp-561,2634.0,OEDB experimental Raman,experimental_raman_index,https://oedb.jp,10.1038/s41524-026-02093-y,2026-05-11,Li,DFOB,GBL,1.0
exp-562,,OEDB experimental Raman,experimental_raman_index,https://oedb.jp,10.1038/s41524-026-02093-y,2026-05-11,Li,DFOB,GBL,1.25
exp-563,2635.0,OEDB experimental Raman,experimental_raman_index,https://oedb.jp,10.1038/s41524-026-02093-y,2026-05-11,Li,DFOB,GBL,1.5
exp-564,,OEDB experimental Raman,experimental_raman_index,https://oedb.jp,10.1038/s41524-026-02093-y,2026-05-11,Li,DFOB,GBL,1.75
exp-565,2636.0,OEDB experimental Raman,experimental_raman_index,https://oedb.jp,10.1038/s41524-026-02093-y,2026-05-11,Li,DFOB,GBL,2.0
exp-566,,OEDB experimental Raman,experimental_raman_index,https://oedb.jp,10.1038/s41524-026-02093-y,2026-05-11,Li,DFOB,GBL,2.25
exp-567,2637.0,OEDB experimental Raman,experimental_raman_index,https://oedb.jp,10.1038/s41524-026-02093-y,2026-05-11,Li,DFOB,GBL,2.5
exp-568,,OEDB experimental Raman,experimental_raman_index,https://oedb.jp,10.1038/s41524-026-02093-y,2026-05-11,Li,DFOB,GBL,2.75
exp-569,2638.0,OEDB experimental Raman,experimental_raman_index,https://oedb.jp,10.1038/s41524-026-02093-y,2026-05-11,Li,DFOB,GBL,3.0
exp-570,,OEDB experimental Raman,experimental_raman_index,https://oedb.jp,10.1038/s41524-026-02093-y,2026-05-11,Li,DFOB,GBL,3.25
exp-571,2639.0,OEDB experimental Raman,experimental_raman_index,https://oedb.jp,10.1038/s41524-026-02093-y,2026-05-11,Li,DFOB,GBL,3.5
exp-572,2639.0,OEDB experimental Raman,experimental_raman_index,https://oedb.jp,10.1038/s41524-026-02093-y,2026-05-11,Li,DFOB,GBL,3.5
exp-573,,OEDB experimental Raman,experimental_raman_index,https://oedb.jp,10.1038/s41524-026-02093-y,2026-05-11,Li,DFOB,MSL,0.25
exp-574,,OEDB experimental Raman,experimental_raman_index,https://oedb.jp,10.1038/s41524-026-02093-y,2026-05-11,Li,DFOB,MSL,0.5
exp-575,,OEDB experimental Raman,experimental_raman_index,https://oedb.jp,10.1038/s41524-026-02093-y,2026-05-11,Li,DFOB,MSL,0.75
exp-576,,OEDB experimental Raman,experimental_raman_index,https://oedb.jp,10.1038/s41524-026-02093-y,2026-05-11,Li,DFOB,MSL,1.0
exp-577,,OEDB experimental Raman,experimental_raman_index,https://oedb.jp,10.1038/s41524-026-02093-y,2026-05-11,Li,DFOB,MSL,1.25
exp-578,,OEDB experimental Raman,experimental_raman_index,https://oedb.jp,10.1038/s41524-026-02093-y,2026-05-11,Li,DFOB,PC,0.25
exp-579,2673.0,OEDB experimental Raman,experimental_raman_index,https://oedb.jp,10.1038/s41524-026-02093-y,2026-05-11,Li,DFOB,PC,0.5
exp-580,,OEDB experimental Raman,experimental_raman_index,https://oedb.jp,10.1038/s41524-026-02093-y,2026-05-11,Li,DFOB,PC,0.75
exp-581,2674.0,OEDB experimental Raman,experimental_raman_index,https://oedb.jp,10.1038/s41524-026-02093-y,2026-05-11,Li,DFOB,PC,1.0
exp-582,,OEDB experimental Raman,experimental_raman_index,https://oedb.jp,10.1038/s41524-026-02093-y,2026-05-11,Li,DFOB,PC,1.25
exp-583,2675.0,OEDB experimental Raman,experimental_raman_index,https://oedb.jp,10.1038/s41524-026-02093-y,2026-05-11,Li,DFOB,PC,1.5
exp-584,,OEDB experimental Raman,experimental_raman_index,https://oedb.jp,10.1038/s41524-026-02093-y,2026-05-11,Li,DFOB,PC,1.75
exp-585,2676.0,OEDB experimental Raman,experimental_raman_index,https://oedb.jp,10.1038/s41524-026-02093-y,2026-05-11,Li,DFOB,PC,2.0
exp-586,,OEDB experimental Raman,experimental_raman_index,https://oedb.jp,10.1038/s41524-026-02093-y,2026-05-11,Li,DFOB,SL,0.25
exp-587,,OEDB experimental Raman,experimental_raman_index,https://oedb.jp,10.1038/s41524-026-02093-y,2026-05-11,Li,DFOB,SL,0.5
exp-588,,OEDB experimental Raman,experimental_raman_index,https://oedb.jp,10.1038/s41524-026-02093-y,2026-05-11,Li,DFOB,TEP,0.25
exp-589,2689.0,OEDB experimental Raman,experimental_raman_index,https://oedb.jp,10.1038/s41524-026-02093-y,2026-05-11,Li,DFOB,TEP,0.5
exp-590,,OEDB experimental Raman,experimental_raman_index,https://oedb.jp,10.1038/s41524-026-02093-y,2026-05-11,Li,DFOB,TEP,0.75
exp-591,2690.0,OEDB experimental Raman,experimental_raman_index,https://oedb.jp,10.1038/s41524-026-02093-y,2026-05-11,Li,DFOB,TEP,1.0
exp-592,,OEDB experimental Raman,experimental_raman_index,https://oedb.jp,10.1038/s41524-026-02093-y,2026-05-11,Li,DFOB,TEP,1.25
exp-593,2691.0,OEDB experimental Raman,experimental_raman_index,https://oedb.jp,10.1038/s41524-026-02093-y,2026-05-11,Li,DFOB,TEP,1.5
exp-594,,OEDB experimental Raman,experimental_raman_index,https://oedb.jp,10.1038/s41524-026-02093-y,2026-05-11,Li,DFOB,TEP,1.75
exp-595,2692.0,OEDB experimental Raman,experimental_raman_index,https://oedb.jp,10.1038/s41524-026-02093-y,2026-05-11,Li,DFOB,TEP,2.0
exp-596,,OEDB experimental Raman,experimental_raman_index,https://oedb.jp,10.1038/s41524-026-02093-y,2026-05-11,Li,DFOB,TEP,2.25
exp-597,2693.0,OEDB experimental Raman,experimental_raman_index,https://oedb.jp,10.1038/s41524-026-02093-y,2026-05-11,Li,DFOB,TEP,2.5
exp-598,,OEDB experimental Raman,experimental_raman_index,https://oedb.jp,10.1038/s41524-026-02093-y,2026-05-11,Li,DFOB,THF,0.25
exp-599,,OEDB experimental Raman,experimental_raman_index,https://oedb.jp,10.1038/s41524-026-02093-y,2026-05-11,Li,DFOB,THF,0.5
exp-600,,OEDB experimental Raman,experimental_raman_index,https://oedb.jp,10.1038/s41524-026-02093-y,2026-05-11,Li,DFOB,THF,0.75
exp-601,,OEDB experimental Raman,experimental_raman_index,https://oedb.jp,10.1038/s41524-026-02093-y,2026-05-11,Li,DFOB,THF,1.0
exp-602,,OEDB experimental Raman,experimental_raman_index,https://oedb.jp,10.1038/s41524-026-02093-y,2026-05-11,Li,DFOB,THF,1.25
exp-603,,OEDB experimental Raman,experimental_raman_index,https://oedb.jp,10.1038/s41524-026-02093-y,2026-05-11,Li,DFOB,THF,1.5
exp-604,,OEDB experimental Raman,experimental_raman_index,https://oedb.jp,10.1038/s41524-026-02093-y,2026-05-11,Li,DFOB,THF,1.75
exp-605,,OEDB experimental Raman,experimental_raman_index,https://oedb.jp,10.1038/s41524-026-02093-y,2026-05-11,Li,DFOB,THF,2.0
exp-606,,OEDB experimental Raman,experimental_raman_index,https://oedb.jp,10.1038/s41524-026-02093-y,2026-05-11,Li,DFOB,THF,2.25
exp-607,,OEDB experimental Raman,experimental_raman_index,https://oedb.jp,10.1038/s41524-026-02093-y,2026-05-11,Li,DFOB,THF,2.5
exp-608,,OEDB experimental Raman,experimental_raman_index,https://oedb.jp,10.1038/s41524-026-02093-y,2026-05-11,Li,DFOB,THF,2.75
exp-609,,OEDB experimental Raman,experimental_raman_index,https://oedb.jp,10.1038/s41524-026-02093-y,2026-05-11,Li,DFOB,THF,3.0
exp-610,,OEDB experimental Raman,experimental_raman_index,https://oedb.jp,10.1038/s41524-026-02093-y,2026-05-11,Li,DFOB,THF,3.25
exp-611,,OEDB experimental Raman,experimental_raman_index,https://oedb.jp,10.1038/s41524-026-02093-y,2026-05-11,Li,DFOB,THF,3.5
exp-612,,OEDB experimental Raman,experimental_raman_index,https://oedb.jp,10.1038/s41524-026-02093-y,2026-05-11,Li,DFOB,THP,0.25
exp-613,,OEDB experimental Raman,experimental_raman_index,https://oedb.jp,10.1038/s41524-026-02093-y,2026-05-11,Li,DFOB,THP,0.5
exp-614,,OEDB experimental Raman,experimental_raman_index,https://oedb.jp,10.1038/s41524-026-02093-y,2026-05-11,Li,DFOB,THP,0.75
exp-615,,OEDB experimental Raman,experimental_raman_index,https://oedb.jp,10.1038/s41524-026-02093-y,2026-05-11,Li,DFOB,THP,1.0
exp-616,,OEDB experimental Raman,experimental_raman_index,https://oedb.jp,10.1038/s41524-026-02093-y,2026-05-11,Li,DFOB,THP,1.25
exp-617,,OEDB experimental Raman,experimental_raman_index,https://oedb.jp,10.1038/s41524-026-02093-y,2026-05-11,Li,DFOB,THP,1.5
exp-618,,OEDB experimental Raman,experimental_raman_index,https://oedb.jp,10.1038/s41524-026-02093-y,2026-05-11,Li,DFOB,THP,1.75
exp-619,,OEDB experimental Raman,experimental_raman_index,https://oedb.jp,10.1038/s41524-026-02093-y,2026-05-11,Li,DFOB,THP,2.0
exp-620,,OEDB experimental Raman,experimental_raman_index,https://oedb.jp,10.1038/s41524-026-02093-y,2026-05-11,Li,DFOB,TMP,0.25
exp-621,2697.0,OEDB experimental Raman,experimental_raman_index,https://oedb.jp,10.1038/s41524-026-02093-y,2026-05-11,Li,DFOB,TMP,0.5
exp-622,,OEDB experimental Raman,experimental_raman_index,https://oedb.jp,10.1038/s41524-026-02093-y,2026-05-11,Li,DFOB,TMP,0.75
exp-623,2698.0,OEDB experimental Raman,experimental_raman_index,https://oedb.jp,10.1038/s41524-026-02093-y,2026-05-11,Li,DFOB,TMP,1.0
exp-624,,OEDB experimental Raman,experimental_raman_index,https://oedb.jp,10.1038/s41524-026-02093-y,2026-05-11,Li,DFOB,TMP,1.25
exp-625,2699.0,OEDB experimental Raman,experimental_raman_index,https://oedb.jp,10.1038/s41524-026-02093-y,2026-05-11,Li,DFOB,TMP,1.5
exp-626,,OEDB experimental Raman,experimental_raman_index,https://oedb.jp,10.1038/s41524-026-02093-y,2026-05-11,Li,DFOB,TMP,1.75
exp-627,2700.0,OEDB experimental Raman,experimental_raman_index,https://oedb.jp,10.1038/s41524-026-02093-y,2026-05-11,Li,DFOB,TMP,2.0
exp-628,,OEDB experimental Raman,experimental_raman_index,https://oedb.jp,10.1038/s41524-026-02093-y,2026-05-11,Li,FSI,AN,0.0
exp-629,,OEDB experimental Raman,experimental_raman_index,https://oedb.jp,10.1038/s41524-026-02093-y,2026-05-11,Li,FSI,AN,0.25
exp-630,2705.0,OEDB experimental Raman,experimental_raman_index,https://oedb.jp,10.1038/s41524-026-02093-y,2026-05-11,Li,FSI,AN,0.5
exp-631,,OEDB experimental Raman,experimental_raman_index,https://oedb.jp,10.1038/s41524-026-02093-y,2026-05-11,Li,FSI,AN,0.75
exp-632,2706.0,OEDB experimental Raman,experimental_raman_index,https://oedb.jp,10.1038/s41524-026-02093-y,2026-05-11,Li,FSI,AN,1.0
exp-633,,OEDB experimental Raman,experimental_raman_index,https://oedb.jp,10.1038/s41524-026-02093-y,2026-05-11,Li,FSI,AN,1.25
exp-634,2707.0,OEDB experimental Raman,experimental_raman_index,https://oedb.jp,10.1038/s41524-026-02093-y,2026-05-11,Li,FSI,AN,1.5
exp-635,,OEDB experimental Raman,experimental_raman_index,https://oedb.jp,10.1038/s41524-026-02093-y,2026-05-11,Li,FSI,AN,1.75
exp-636,2708.0,OEDB experimental Raman,experimental_raman_index,https://oedb.jp,10.1038/s41524-026-02093-y,2026-05-11,Li,FSI,AN,2.0
exp-637,,OEDB experimental Raman,experimental_raman_index,https://oedb.jp,10.1038/s41524-026-02093-y,2026-05-11,Li,FSI,AN,2.25
exp-638,2709.0,OEDB experimental Raman,experimental_raman_index,https://oedb.jp,10.1038/s41524-026-02093-y,2026-05-11,Li,FSI,AN,2.5
exp-639,,OEDB experimental Raman,experimental_raman_index,https://oedb.jp,10.1038/s41524-026-02093-y,2026-05-11,Li,FSI,AN,2.75
exp-640,2710.0,OEDB experimental Raman,experimental_raman_index,https://oedb.jp,10.1038/s41524-026-02093-y,2026-05-11,Li,FSI,AN,3.0
exp-641,,OEDB experimental Raman,experimental_raman_index,https://oedb.jp,10.1038/s41524-026-02093-y,2026-05-11,Li,FSI,AN,3.25
exp-642,2711.0,OEDB experimental Raman,experimental_raman_index,https://oedb.jp,10.1038/s41524-026-02093-y,2026-05-11,Li,FSI,AN,3.5
exp-643,,OEDB experimental Raman,experimental_raman_index,https://oedb.jp,10.1038/s41524-026-02093-y,2026-05-11,Li,FSI,Ac,0.0
exp-644,,OEDB experimental Raman,experimental_raman_index,https://oedb.jp,10.1038/s41524-026-02093-y,2026-05-11,Li,FSI,Ac,0.25
exp-645,2721.0,OEDB experimental Raman,experimental_raman_index,https://oedb.jp,10.1038/s41524-026-02093-y,2026-05-11,Li,FSI,Ac,0.5
exp-646,,OEDB experimental Raman,experimental_raman_index,https://oedb.jp,10.1038/s41524-026-02093-y,2026-05-11,Li,FSI,Ac,0.75
exp-647,2722.0,OEDB experimental Raman,experimental_raman_index,https://oedb.jp,10.1038/s41524-026-02093-y,2026-05-11,Li,FSI,Ac,1.0
exp-648,2722.0,OEDB experimental Raman,experimental_raman_index,https://oedb.jp,10.1038/s41524-026-02093-y,2026-05-11,Li,FSI,Ac,1.0
exp-649,,OEDB experimental Raman,experimental_raman_index,https://oedb.jp,10.1038/s41524-026-02093-y,2026-05-11,Li,FSI,Ac,1.25
exp-650,2723.0,OEDB experimental Raman,experimental_raman_index,https://oedb.jp,10.1038/s41524-026-02093-y,2026-05-11,Li,FSI,Ac,1.5
exp-651,,OEDB experimental Raman,experimental_raman_index,https://oedb.jp,10.1038/s41524-026-02093-y,2026-05-11,Li,FSI,Ac,1.75
exp-652,2724.0,OEDB experimental Raman,experimental_raman_index,https://oedb.jp,10.1038/s41524-026-02093-y,2026-05-11,Li,FSI,Ac,2.0
exp-653,,OEDB experimental Raman,experimental_raman_index,https://oedb.jp,10.1038/s41524-026-02093-y,2026-05-11,Li,FSI,Ac,2.25
exp-654,2725.0,OEDB experimental Raman,experimental_raman_index,https://oedb.jp,10.1038/s41524-026-02093-y,2026-05-11,Li,FSI,Ac,2.5
exp-655,,OEDB experimental Raman,experimental_raman_index,https://oedb.jp,10.1038/s41524-026-02093-y,2026-05-11,Li,FSI,Ac,2.75
exp-656,2726.0,OEDB experimental Raman,experimental_raman_index,https://oedb.jp,10.1038/s41524-026-02093-y,2026-05-11,Li,FSI,Ac,3.0
exp-657,,OEDB experimental Raman,experimental_raman_index,https://oedb.jp,10.1038/s41524-026-02093-y,2026-05-11,Li,FSI,Ac,3.25
exp-658,2727.0,OEDB experimental Raman,experimental_raman_index,https://oedb.jp,10.1038/s41524-026-02093-y,2026-05-11,Li,FSI,Ac,3.5
exp-659,,OEDB experimental Raman,experimental_raman_index,https://oedb.jp,10.1038/s41524-026-02093-y,2026-05-11,Li,FSI,DEE,0.0001
exp-660,,OEDB experimental Raman,experimental_raman_index,https://oedb.jp,10.1038/s41524-026-02093-y,2026-05-11,Li,FSI,DEE,0.25
exp-661,,OEDB experimental Raman,experimental_raman_index,https://oedb.jp,10.1038/s41524-026-02093-y,2026-05-11,Li,FSI,DEE,0.5
exp-662,,OEDB experimental Raman,experimental_raman_index,https://oedb.jp,10.1038/s41524-026-02093-y,2026-05-11,Li,FSI,DEE,0.75
exp-663,,OEDB experimental Raman,experimental_raman_index,https://oedb.jp,10.1038/s41524-026-02093-y,2026-05-11,Li,FSI,DEE,1.0
exp-664,,OEDB experimental Raman,experimental_raman_index,https://oedb.jp,10.1038/s41524-026-02093-y,2026-05-11,Li,FSI,DEE,1.25
exp-665,,OEDB experimental Raman,experimental_raman_index,https://oedb.jp,10.1038/s41524-026-02093-y,2026-05-11,Li,FSI,DEE,1.5
exp-666,,OEDB experimental Raman,experimental_raman_index,https://oedb.jp,10.1038/s41524-026-02093-y,2026-05-11,Li,FSI,DEE,1.75
exp-667,,OEDB experimental Raman,experimental_raman_index,https://oedb.jp,10.1038/s41524-026-02093-y,2026-05-11,Li,FSI,DEE,2.0
exp-668,,OEDB experimental Raman,experimental_raman_index,https://oedb.jp,10.1038/s41524-026-02093-y,2026-05-11,Li,FSI,DEE,2.25
exp-669,,OEDB experimental Raman,experimental_raman_index,https://oedb.jp,10.1038/s41524-026-02093-y,2026-05-11,Li,FSI,DEE,2.5
exp-670,,OEDB experimental Raman,experimental_raman_index,https://oedb.jp,10.1038/s41524-026-02093-y,2026-05-11,Li,FSI,DEE,2.75
exp-671,,OEDB experimental Raman,experimental_raman_index,https://oedb.jp,10.1038/s41524-026-02093-y,2026-05-11,Li,FSI,DEE,3.0
exp-672,,OEDB experimental Raman,experimental_raman_index,https://oedb.jp,10.1038/s41524-026-02093-y,2026-05-11,Li,FSI,DEE,3.25
exp-673,,OEDB experimental Raman,experimental_raman_index,https://oedb.jp,10.1038/s41524-026-02093-y,2026-05-11,Li,FSI,DEE,3.5
exp-674,,OEDB experimental Raman,experimental_raman_index,https://oedb.jp,10.1038/s41524-026-02093-y,2026-05-11,Li,FSI,DIOX,0.0001
exp-675,,OEDB experimental Raman,experimental_raman_index,https://oedb.jp,10.1038/s41524-026-02093-y,2026-05-11,Li,FSI,DIOX,0.25
exp-676,,OEDB experimental Raman,experimental_raman_index,https://oedb.jp,10.1038/s41524-026-02093-y,2026-05-11,Li,FSI,DIOX,0.5
exp-677,,OEDB experimental Raman,experimental_raman_index,https://oedb.jp,10.1038/s41524-026-02093-y,2026-05-11,Li,FSI,DIOX,0.75
exp-678,,OEDB experimental Raman,experimental_raman_index,https://oedb.jp,10.1038/s41524-026-02093-y,2026-05-11,Li,FSI,DIOX,1.0
exp-679,,OEDB experimental Raman,experimental_raman_index,https://oedb.jp,10.1038/s41524-026-02093-y,2026-05-11,Li,FSI,DIOX,1.25
exp-680,,OEDB experimental Raman,experimental_raman_index,https://oedb.jp,10.1038/s41524-026-02093-y,2026-05-11,Li,FSI,DMC,0.0001
exp-681,,OEDB experimental Raman,experimental_raman_index,https://oedb.jp,10.1038/s41524-026-02093-y,2026-05-11,Li,FSI,DMC,0.25
exp-682,2745.0,OEDB experimental Raman,experimental_raman_index,https://oedb.jp,10.1038/s41524-026-02093-y,2026-05-11,Li,FSI,DMC,0.5
exp-683,,OEDB experimental Raman,experimental_raman_index,https://oedb.jp,10.1038/s41524-026-02093-y,2026-05-11,Li,FSI,DMC,0.75
exp-684,2746.0,OEDB experimental Raman,experimental_raman_index,https://oedb.jp,10.1038/s41524-026-02093-y,2026-05-11,Li,FSI,DMC,1.0
exp-685,,OEDB experimental Raman,experimental_raman_index,https://oedb.jp,10.1038/s41524-026-02093-y,2026-05-11,Li,FSI,DMC,1.25
exp-686,2747.0,OEDB experimental Raman,experimental_raman_index,https://oedb.jp,10.1038/s41524-026-02093-y,2026-05-11,Li,FSI,DMC,1.5
exp-687,,OEDB experimental Raman,experimental_raman_index,https://oedb.jp,10.1038/s41524-026-02093-y,2026-05-11,Li,FSI,DMC,1.75
exp-688,2748.0,OEDB experimental Raman,experimental_raman_index,https://oedb.jp,10.1038/s41524-026-02093-y,2026-05-11,Li,FSI,DMC,2.0
exp-689,,OEDB experimental Raman,experimental_raman_index,https://oedb.jp,10.1038/s41524-026-02093-y,2026-05-11,Li,FSI,DMC,2.25
exp-690,2749.0,OEDB experimental Raman,experimental_raman_index,https://oedb.jp,10.1038/s41524-026-02093-y,2026-05-11,Li,FSI,DMC,2.5
exp-691,,OEDB experimental Raman,experimental_raman_index,https://oedb.jp,10.1038/s41524-026-02093-y,2026-05-11,Li,FSI,DMC,2.75
exp-692,2750.0,OEDB experimental Raman,experimental_raman_index,https://oedb.jp,10.1038/s41524-026-02093-y,2026-05-11,Li,FSI,DMC,3.0
exp-693,,OEDB experimental Raman,experimental_raman_index,https://oedb.jp,10.1038/s41524-026-02093-y,2026-05-11,Li,FSI,DMC,3.25
exp-694,2751.0,OEDB experimental Raman,experimental_raman_index,https://oedb.jp,10.1038/s41524-026-02093-y,2026-05-11,Li,FSI,DMC,3.5
exp-695,,OEDB experimental Raman,experimental_raman_index,https://oedb.jp,10.1038/s41524-026-02093-y,2026-05-11,Li,FSI,DME,0.0001
exp-696,,OEDB experimental Raman,experimental_raman_index,https://oedb.jp,10.1038/s41524-026-02093-y,2026-05-11,Li,FSI,DME,0.25
exp-697,,OEDB experimental Raman,experimental_raman_index,https://oedb.jp,10.1038/s41524-026-02093-y,2026-05-11,Li,FSI,DME,0.5
exp-698,,OEDB experimental Raman,experimental_raman_index,https://oedb.jp,10.1038/s41524-026-02093-y,2026-05-11,Li,FSI,DME,0.75
exp-699,,OEDB experimental Raman,experimental_raman_index,https://oedb.jp,10.1038/s41524-026-02093-y,2026-05-11,Li,FSI,DME,1.0
exp-700,,OEDB experimental Raman,experimental_raman_index,https://oedb.jp,10.1038/s41524-026-02093-y,2026-05-11,Li,FSI,DME,1.25
exp-701,,OEDB experimental Raman,experimental_raman_index,https://oedb.jp,10.1038/s41524-026-02093-y,2026-05-11,Li,FSI,DME,1.5
exp-702,,OEDB experimental Raman,experimental_raman_index,https://oedb.jp,10.1038/s41524-026-02093-y,2026-05-11,Li,FSI,DME,1.75
exp-703,,OEDB experimental Raman,experimental_raman_index,https://oedb.jp,10.1038/s41524-026-02093-y,2026-05-11,Li,FSI,DME,2.0
exp-704,,OEDB experimental Raman,experimental_raman_index,https://oedb.jp,10.1038/s41524-026-02093-y,2026-05-11,Li,FSI,DME,2.25
exp-705,,OEDB experimental Raman,experimental_raman_index,https://oedb.jp,10.1038/s41524-026-02093-y,2026-05-11,Li,FSI,DME,2.5
exp-706,,OEDB experimental Raman,experimental_raman_index,https://oedb.jp,10.1038/s41524-026-02093-y,2026-05-11,Li,FSI,DME,2.75
exp-707,,OEDB experimental Raman,experimental_raman_index,https://oedb.jp,10.1038/s41524-026-02093-y,2026-05-11,Li,FSI,DME,3.0
exp-708,,OEDB experimental Raman,experimental_raman_index,https://oedb.jp,10.1038/s41524-026-02093-y,2026-05-11,Li,FSI,DME,3.25
exp-709,,OEDB experimental Raman,experimental_raman_index,https://oedb.jp,10.1038/s41524-026-02093-y,2026-05-11,Li,FSI,DME,3.5
exp-710,,OEDB experimental Raman,experimental_raman_index,https://oedb.jp,10.1038/s41524-026-02093-y,2026-05-11,Li,FSI,DMM,0.0
exp-711,,OEDB experimental Raman,experimental_raman_index,https://oedb.jp,10.1038/s41524-026-02093-y,2026-05-11,Li,FSI,DMM,0.25
exp-712,,OEDB experimental Raman,experimental_raman_index,https://oedb.jp,10.1038/s41524-026-02093-y,2026-05-11,Li,FSI,DMSO,0.0001
exp-713,,OEDB experimental Raman,experimental_raman_index,https://oedb.jp,10.1038/s41524-026-02093-y,2026-05-11,Li,FSI,DMSO,0.25
exp-714,2761.0,OEDB experimental Raman,experimental_raman_index,https://oedb.jp,10.1038/s41524-026-02093-y,2026-05-11,Li,FSI,DMSO,0.5
exp-715,,OEDB experimental Raman,experimental_raman_index,https://oedb.jp,10.1038/s41524-026-02093-y,2026-05-11,Li,FSI,DMSO,0.75
exp-716,2762.0,OEDB experimental Raman,experimental_raman_index,https://oedb.jp,10.1038/s41524-026-02093-y,2026-05-11,Li,FSI,DMSO,1.0
exp-717,,OEDB experimental Raman,experimental_raman_index,https://oedb.jp,10.1038/s41524-026-02093-y,2026-05-11,Li,FSI,DMSO,1.25
exp-718,2763.0,OEDB experimental Raman,experimental_raman_index,https://oedb.jp,10.1038/s41524-026-02093-y,2026-05-11,Li,FSI,DMSO,1.5
exp-719,,OEDB experimental Raman,experimental_raman_index,https://oedb.jp,10.1038/s41524-026-02093-y,2026-05-11,Li,FSI,DMSO,1.75
exp-720,2764.0,OEDB experimental Raman,experimental_raman_index,https://oedb.jp,10.1038/s41524-026-02093-y,2026-05-11,Li,FSI,DMSO,2.0
exp-721,,OEDB experimental Raman,experimental_raman_index,https://oedb.jp,10.1038/s41524-026-02093-y,2026-05-11,Li,FSI,DMSO,2.25
exp-722,2765.0,OEDB experimental Raman,experimental_raman_index,https://oedb.jp,10.1038/s41524-026-02093-y,2026-05-11,Li,FSI,DMSO,2.5
exp-723,,OEDB experimental Raman,experimental_raman_index,https://oedb.jp,10.1038/s41524-026-02093-y,2026-05-11,Li,FSI,DMSO,2.75
exp-724,2766.0,OEDB experimental Raman,experimental_raman_index,https://oedb.jp,10.1038/s41524-026-02093-y,2026-05-11,Li,FSI,DMSO,3.0
exp-725,,OEDB experimental Raman,experimental_raman_index,https://oedb.jp,10.1038/s41524-026-02093-y,2026-05-11,Li,FSI,DMSO,3.25
exp-726,2767.0,OEDB experimental Raman,experimental_raman_index,https://oedb.jp,10.1038/s41524-026-02093-y,2026-05-11,Li,FSI,DMSO,3.5
exp-727,,OEDB experimental Raman,experimental_raman_index,https://oedb.jp,10.1038/s41524-026-02093-y,2026-05-11,Li,FSI,DOL,0.0001
exp-728,,OEDB experimental Raman,experimental_raman_index,https://oedb.jp,10.1038/s41524-026-02093-y,2026-05-11,Li,FSI,DOL,0.25
exp-729,,OEDB experimental Raman,experimental_raman_index,https://oedb.jp,10.1038/s41524-026-02093-y,2026-05-11,Li,FSI,EA,0.0001
exp-730,,OEDB experimental Raman,experimental_raman_index,https://oedb.jp,10.1038/s41524-026-02093-y,2026-05-11,Li,FSI,EA,0.25
exp-731,2769.0,OEDB experimental Raman,experimental_raman_index,https://oedb.jp,10.1038/s41524-026-02093-y,2026-05-11,Li,FSI,EA,0.5
exp-732,,OEDB experimental Raman,experimental_raman_index,https://oedb.jp,10.1038/s41524-026-02093-y,2026-05-11,Li,FSI,EA,0.75
exp-733,2770.0,OEDB experimental Raman,experimental_raman_index,https://oedb.jp,10.1038/s41524-026-02093-y,2026-05-11,Li,FSI,EA,1.0
exp-734,,OEDB experimental Raman,experimental_raman_index,https://oedb.jp,10.1038/s41524-026-02093-y,2026-05-11,Li,FSI,EA,1.25
exp-735,2771.0,OEDB experimental Raman,experimental_raman_index,https://oedb.jp,10.1038/s41524-026-02093-y,2026-05-11,Li,FSI,EA,1.5
exp-736,,OEDB experimental Raman,experimental_raman_index,https://oedb.jp,10.1038/s41524-026-02093-y,2026-05-11,Li,FSI,EA,1.75
exp-737,2772.0,OEDB experimental Raman,experimental_raman_index,https://oedb.jp,10.1038/s41524-026-02093-y,2026-05-11,Li,FSI,EA,2.0
exp-738,,OEDB experimental Raman,experimental_raman_index,https://oedb.jp,10.1038/s41524-026-02093-y,2026-05-11,Li,FSI,EA,2.25
exp-739,2773.0,OEDB experimental Raman,experimental_raman_index,https://oedb.jp,10.1038/s41524-026-02093-y,2026-05-11,Li,FSI,EA,2.5
exp-740,,OEDB experimental Raman,experimental_raman_index,https://oedb.jp,10.1038/s41524-026-02093-y,2026-05-11,Li,FSI,EA,2.75
exp-741,2774.0,OEDB experimental Raman,experimental_raman_index,https://oedb.jp,10.1038/s41524-026-02093-y,2026-05-11,Li,FSI,EA,3.0
exp-742,,OEDB experimental Raman,experimental_raman_index,https://oedb.jp,10.1038/s41524-026-02093-y,2026-05-11,Li,FSI,EA,3.25
exp-743,2775.0,OEDB experimental Raman,experimental_raman_index,https://oedb.jp,10.1038/s41524-026-02093-y,2026-05-11,Li,FSI,EA,3.5
exp-744,2785.0,OEDB experimental Raman,experimental_raman_index,https://oedb.jp,10.1038/s41524-026-02093-y,2026-05-11,Li,FSI,EC,0.5
exp-745,,OEDB experimental Raman,experimental_raman_index,https://oedb.jp,10.1038/s41524-026-02093-y,2026-05-11,Li,FSI,EC,0.75
exp-746,2786.0,OEDB experimental Raman,experimental_raman_index,https://oedb.jp,10.1038/s41524-026-02093-y,2026-05-11,Li,FSI,EC,1.0
exp-747,,OEDB experimental Raman,experimental_raman_index,https://oedb.jp,10.1038/s41524-026-02093-y,2026-05-11,Li,FSI,EC,1.25
exp-748,2787.0,OEDB experimental Raman,experimental_raman_index,https://oedb.jp,10.1038/s41524-026-02093-y,2026-05-11,Li,FSI,EC,1.5
exp-749,,OEDB experimental Raman,experimental_raman_index,https://oedb.jp,10.1038/s41524-026-02093-y,2026-05-11,Li,FSI,EC,1.75
exp-750,2788.0,OEDB experimental Raman,experimental_raman_index,https://oedb.jp,10.1038/s41524-026-02093-y,2026-05-11,Li,FSI,EC,2.0
exp-751,,OEDB experimental Raman,experimental_raman_index,https://oedb.jp,10.1038/s41524-026-02093-y,2026-05-11,Li,FSI,EC,2.25
exp-752,2789.0,OEDB experimental Raman,experimental_raman_index,https://oedb.jp,10.1038/s41524-026-02093-y,2026-05-11,Li,FSI,EC,2.5
exp-753,,OEDB experimental Raman,experimental_raman_index,https://oedb.jp,10.1038/s41524-026-02093-y,2026-05-11,Li,FSI,EMC,0.0001
exp-754,,OEDB experimental Raman,experimental_raman_index,https://oedb.jp,10.1038/s41524-026-02093-y,2026-05-11,Li,FSI,EMC,0.25
exp-755,2793.0,OEDB experimental Raman,experimental_raman_index,https://oedb.jp,10.1038/s41524-026-02093-y,2026-05-11,Li,FSI,EMC,0.5
exp-756,,OEDB experimental Raman,experimental_raman_index,https://oedb.jp,10.1038/s41524-026-02093-y,2026-05-11,Li,FSI,EMC,0.75
exp-757,2794.0,OEDB experimental Raman,experimental_raman_index,https://oedb.jp,10.1038/s41524-026-02093-y,2026-05-11,Li,FSI,EMC,1.0
exp-758,,OEDB experimental Raman,experimental_raman_index,https://oedb.jp,10.1038/s41524-026-02093-y,2026-05-11,Li,FSI,EMC,1.25
exp-759,2795.0,OEDB experimental Raman,experimental_raman_index,https://oedb.jp,10.1038/s41524-026-02093-y,2026-05-11,Li,FSI,EMC,1.5
exp-760,,OEDB experimental Raman,experimental_raman_index,https://oedb.jp,10.1038/s41524-026-02093-y,2026-05-11,Li,FSI,EMC,1.75
exp-761,2796.0,OEDB experimental Raman,experimental_raman_index,https://oedb.jp,10.1038/s41524-026-02093-y,2026-05-11,Li,FSI,EMC,2.0
exp-762,,OEDB experimental Raman,experimental_raman_index,https://oedb.jp,10.1038/s41524-026-02093-y,2026-05-11,Li,FSI,EMC,2.25
exp-763,2797.0,OEDB experimental Raman,experimental_raman_index,https://oedb.jp,10.1038/s41524-026-02093-y,2026-05-11,Li,FSI,EMC,2.5
exp-764,,OEDB experimental Raman,experimental_raman_index,https://oedb.jp,10.1038/s41524-026-02093-y,2026-05-11,Li,FSI,EMC,2.75
exp-765,2798.0,OEDB experimental Raman,experimental_raman_index,https://oedb.jp,10.1038/s41524-026-02093-y,2026-05-11,Li,FSI,EMC,3.0
exp-766,,OEDB experimental Raman,experimental_raman_index,https://oedb.jp,10.1038/s41524-026-02093-y,2026-05-11,Li,FSI,EMC,3.25
exp-767,2799.0,OEDB experimental Raman,experimental_raman_index,https://oedb.jp,10.1038/s41524-026-02093-y,2026-05-11,Li,FSI,EMC,3.5
exp-768,,OEDB experimental Raman,experimental_raman_index,https://oedb.jp,10.1038/s41524-026-02093-y,2026-05-11,Li,FSI,EMS,0.25
exp-769,,OEDB experimental Raman,experimental_raman_index,https://oedb.jp,10.1038/s41524-026-02093-y,2026-05-11,Li,FSI,EMS,0.5
exp-770,,OEDB experimental Raman,experimental_raman_index,https://oedb.jp,10.1038/s41524-026-02093-y,2026-05-11,Li,FSI,EMS,0.75
exp-771,,OEDB experimental Raman,experimental_raman_index,https://oedb.jp,10.1038/s41524-026-02093-y,2026-05-11,Li,FSI,EMS,1.0
exp-772,,OEDB experimental Raman,experimental_raman_index,https://oedb.jp,10.1038/s41524-026-02093-y,2026-05-11,Li,FSI,EMS,1.25
exp-773,,OEDB experimental Raman,experimental_raman_index,https://oedb.jp,10.1038/s41524-026-02093-y,2026-05-11,Li,FSI,EMS,1.5
exp-774,,OEDB experimental Raman,experimental_raman_index,https://oedb.jp,10.1038/s41524-026-02093-y,2026-05-11,Li,FSI,EMS,1.75
exp-775,,OEDB experimental Raman,experimental_raman_index,https://oedb.jp,10.1038/s41524-026-02093-y,2026-05-11,Li,FSI,EMS,2.0
exp-776,,OEDB experimental Raman,experimental_raman_index,https://oedb.jp,10.1038/s41524-026-02093-y,2026-05-11,Li,FSI,EiPS,0.0001
exp-777,,OEDB experimental Raman,experimental_raman_index,https://oedb.jp,10.1038/s41524-026-02093-y,2026-05-11,Li,FSI,EiPS,0.25
exp-778,,OEDB experimental Raman,experimental_raman_index,https://oedb.jp,10.1038/s41524-026-02093-y,2026-05-11,Li,FSI,EiPS,0.5
exp-779,,OEDB experimental Raman,experimental_raman_index,https://oedb.jp,10.1038/s41524-026-02093-y,2026-05-11,Li,FSI,EiPS,0.75
exp-780,,OEDB experimental Raman,experimental_raman_index,https://oedb.jp,10.1038/s41524-026-02093-y,2026-05-11,Li,FSI,EiPS,1.0
exp-781,,OEDB experimental Raman,experimental_raman_index,https://oedb.jp,10.1038/s41524-026-02093-y,2026-05-11,Li,FSI,FEC,0.0
exp-782,,OEDB experimental Raman,experimental_raman_index,https://oedb.jp,10.1038/s41524-026-02093-y,2026-05-11,Li,FSI,FEC,0.25
exp-783,2825.0,OEDB experimental Raman,experimental_raman_index,https://oedb.jp,10.1038/s41524-026-02093-y,2026-05-11,Li,FSI,FEC,0.5
exp-784,,OEDB experimental Raman,experimental_raman_index,https://oedb.jp,10.1038/s41524-026-02093-y,2026-05-11,Li,FSI,FEC,0.75
exp-785,2826.0,OEDB experimental Raman,experimental_raman_index,https://oedb.jp,10.1038/s41524-026-02093-y,2026-05-11,Li,FSI,FEC,1.0
exp-786,,OEDB experimental Raman,experimental_raman_index,https://oedb.jp,10.1038/s41524-026-02093-y,2026-05-11,Li,FSI,FEC,1.25
exp-787,2827.0,OEDB experimental Raman,experimental_raman_index,https://oedb.jp,10.1038/s41524-026-02093-y,2026-05-11,Li,FSI,FEC,1.5
exp-788,,OEDB experimental Raman,experimental_raman_index,https://oedb.jp,10.1038/s41524-026-02093-y,2026-05-11,Li,FSI,FEC,1.75
exp-789,2828.0,OEDB experimental Raman,experimental_raman_index,https://oedb.jp,10.1038/s41524-026-02093-y,2026-05-11,Li,FSI,FEC,2.0
exp-790,,OEDB experimental Raman,experimental_raman_index,https://oedb.jp,10.1038/s41524-026-02093-y,2026-05-11,Li,FSI,FEC,2.25
exp-791,2829.0,OEDB experimental Raman,experimental_raman_index,https://oedb.jp,10.1038/s41524-026-02093-y,2026-05-11,Li,FSI,FEC,2.5
exp-792,,OEDB experimental Raman,experimental_raman_index,https://oedb.jp,10.1038/s41524-026-02093-y,2026-05-11,Li,FSI,FEMC,0.0
exp-793,,OEDB experimental Raman,experimental_raman_index,https://oedb.jp,10.1038/s41524-026-02093-y,2026-05-11,Li,FSI,FEMC,0.25
exp-794,2833.0,OEDB experimental Raman,experimental_raman_index,https://oedb.jp,10.1038/s41524-026-02093-y,2026-05-11,Li,FSI,FEMC,0.5
exp-795,,OEDB experimental Raman,experimental_raman_index,https://oedb.jp,10.1038/s41524-026-02093-y,2026-05-11,Li,FSI,FEMC,0.75
exp-796,2834.0,OEDB experimental Raman,experimental_raman_index,https://oedb.jp,10.1038/s41524-026-02093-y,2026-05-11,Li,FSI,FEMC,1.0
exp-797,,OEDB experimental Raman,experimental_raman_index,https://oedb.jp,10.1038/s41524-026-02093-y,2026-05-11,Li,FSI,FEMC,1.25
exp-798,2835.0,OEDB experimental Raman,experimental_raman_index,https://oedb.jp,10.1038/s41524-026-02093-y,2026-05-11,Li,FSI,FEMC,1.5
exp-799,,OEDB experimental Raman,experimental_raman_index,https://oedb.jp,10.1038/s41524-026-02093-y,2026-05-11,Li,FSI,FEMC,1.75
exp-800,2836.0,OEDB experimental Raman,experimental_raman_index,https://oedb.jp,10.1038/s41524-026-02093-y,2026-05-11,Li,FSI,FEMC,2.0
exp-801,,OEDB experimental Raman,experimental_raman_index,https://oedb.jp,10.1038/s41524-026-02093-y,2026-05-11,Li,FSI,FEMC,2.25
exp-802,2837.0,OEDB experimental Raman,experimental_raman_index,https://oedb.jp,10.1038/s41524-026-02093-y,2026-05-11,Li,FSI,FEMC,2.5
exp-803,,OEDB experimental Raman,experimental_raman_index,https://oedb.jp,10.1038/s41524-026-02093-y,2026-05-11,Li,FSI,G2,0.0
exp-804,,OEDB experimental Raman,experimental_raman_index,https://oedb.jp,10.1038/s41524-026-02093-y,2026-05-11,Li,FSI,G2,0.25
exp-805,,OEDB experimental Raman,experimental_raman_index,https://oedb.jp,10.1038/s41524-026-02093-y,2026-05-11,Li,FSI,G2,0.5
exp-806,,OEDB experimental Raman,experimental_raman_index,https://oedb.jp,10.1038/s41524-026-02093-y,2026-05-11,Li,FSI,G2,0.75
exp-807,,OEDB experimental Raman,experimental_raman_index,https://oedb.jp,10.1038/s41524-026-02093-y,2026-05-11,Li,FSI,G2,1.0
exp-808,,OEDB experimental Raman,experimental_raman_index,https://oedb.jp,10.1038/s41524-026-02093-y,2026-05-11,Li,FSI,G2,1.25
exp-809,,OEDB experimental Raman,experimental_raman_index,https://oedb.jp,10.1038/s41524-026-02093-y,2026-05-11,Li,FSI,G2,1.5
exp-810,,OEDB experimental Raman,experimental_raman_index,https://oedb.jp,10.1038/s41524-026-02093-y,2026-05-11,Li,FSI,G2,1.75
exp-811,,OEDB experimental Raman,experimental_raman_index,https://oedb.jp,10.1038/s41524-026-02093-y,2026-05-11,Li,FSI,G2,2.0
exp-812,,OEDB experimental Raman,experimental_raman_index,https://oedb.jp,10.1038/s41524-026-02093-y,2026-05-11,Li,FSI,G3,0.0
exp-813,,OEDB experimental Raman,experimental_raman_index,https://oedb.jp,10.1038/s41524-026-02093-y,2026-05-11,Li,FSI,G3,0.25
exp-814,,OEDB experimental Raman,experimental_raman_index,https://oedb.jp,10.1038/s41524-026-02093-y,2026-05-11,Li,FSI,G3,0.5
exp-815,,OEDB experimental Raman,experimental_raman_index,https://oedb.jp,10.1038/s41524-026-02093-y,2026-05-11,Li,FSI,G3,0.75
exp-816,,OEDB experimental Raman,experimental_raman_index,https://oedb.jp,10.1038/s41524-026-02093-y,2026-05-11,Li,FSI,G3,1.0
exp-817,,OEDB experimental Raman,experimental_raman_index,https://oedb.jp,10.1038/s41524-026-02093-y,2026-05-11,Li,FSI,G3,1.25
exp-818,,OEDB experimental Raman,experimental_raman_index,https://oedb.jp,10.1038/s41524-026-02093-y,2026-05-11,Li,FSI,G3,1.5
exp-819,,OEDB experimental Raman,experimental_raman_index,https://oedb.jp,10.1038/s41524-026-02093-y,2026-05-11,Li,FSI,G3,1.75
exp-820,,OEDB experimental Raman,experimental_raman_index,https://oedb.jp,10.1038/s41524-026-02093-y,2026-05-11,Li,FSI,G3,2.0
exp-821,,OEDB experimental Raman,experimental_raman_index,https://oedb.jp,10.1038/s41524-026-02093-y,2026-05-11,Li,FSI,G3,2.25
exp-822,,OEDB experimental Raman,experimental_raman_index,https://oedb.jp,10.1038/s41524-026-02093-y,2026-05-11,Li,FSI,G3,2.5
exp-823,,OEDB experimental Raman,experimental_raman_index,https://oedb.jp,10.1038/s41524-026-02093-y,2026-05-11,Li,FSI,GBL,0.0
exp-824,,OEDB experimental Raman,experimental_raman_index,https://oedb.jp,10.1038/s41524-026-02093-y,2026-05-11,Li,FSI,GBL,0.0
exp-825,,OEDB experimental Raman,experimental_raman_index,https://oedb.jp,10.1038/s41524-026-02093-y,2026-05-11,Li,FSI,GBL,0.25
exp-826,2841.0,OEDB experimental Raman,experimental_raman_index,https://oedb.jp,10.1038/s41524-026-02093-y,2026-05-11,Li,FSI,GBL,0.5
exp-827,,OEDB experimental Raman,experimental_raman_index,https://oedb.jp,10.1038/s41524-026-02093-y,2026-05-11,Li,FSI,GBL,0.75
exp-828,2842.0,OEDB experimental Raman,experimental_raman_index,https://oedb.jp,10.1038/s41524-026-02093-y,2026-05-11,Li,FSI,GBL,1.0
exp-829,,OEDB experimental Raman,experimental_raman_index,https://oedb.jp,10.1038/s41524-026-02093-y,2026-05-11,Li,FSI,GBL,1.25
exp-830,2843.0,OEDB experimental Raman,experimental_raman_index,https://oedb.jp,10.1038/s41524-026-02093-y,2026-05-11,Li,FSI,GBL,1.5
exp-831,,OEDB experimental Raman,experimental_raman_index,https://oedb.jp,10.1038/s41524-026-02093-y,2026-05-11,Li,FSI,GBL,1.75
exp-832,2844.0,OEDB experimental Raman,experimental_raman_index,https://oedb.jp,10.1038/s41524-026-02093-y,2026-05-11,Li,FSI,GBL,2.0
exp-833,,OEDB experimental Raman,experimental_raman_index,https://oedb.jp,10.1038/s41524-026-02093-y,2026-05-11,Li,FSI,GBL,2.25
exp-834,2845.0,OEDB experimental Raman,experimental_raman_index,https://oedb.jp,10.1038/s41524-026-02093-y,2026-05-11,Li,FSI,GBL,2.5
exp-835,,OEDB experimental Raman,experimental_raman_index,https://oedb.jp,10.1038/s41524-026-02093-y,2026-05-11,Li,FSI,GBL,2.75
exp-836,2846.0,OEDB experimental Raman,experimental_raman_index,https://oedb.jp,10.1038/s41524-026-02093-y,2026-05-11,Li,FSI,GBL,3.0
exp-837,,OEDB experimental Raman,experimental_raman_index,https://oedb.jp,10.1038/s41524-026-02093-y,2026-05-11,Li,FSI,GBL,3.25
exp-838,2847.0,OEDB experimental Raman,experimental_raman_index,https://oedb.jp,10.1038/s41524-026-02093-y,2026-05-11,Li,FSI,GBL,3.5
exp-839,,OEDB experimental Raman,experimental_raman_index,https://oedb.jp,10.1038/s41524-026-02093-y,2026-05-11,Li,FSI,GN,0.0
exp-840,,OEDB experimental Raman,experimental_raman_index,https://oedb.jp,10.1038/s41524-026-02093-y,2026-05-11,Li,FSI,GN,0.25
exp-841,2849.0,OEDB experimental Raman,experimental_raman_index,https://oedb.jp,10.1038/s41524-026-02093-y,2026-05-11,Li,FSI,GN,0.5
exp-842,,OEDB experimental Raman,experimental_raman_index,https://oedb.jp,10.1038/s41524-026-02093-y,2026-05-11,Li,FSI,GN,0.75
exp-843,2850.0,OEDB experimental Raman,experimental_raman_index,https://oedb.jp,10.1038/s41524-026-02093-y,2026-05-11,Li,FSI,GN,1.0
exp-844,,OEDB experimental Raman,experimental_raman_index,https://oedb.jp,10.1038/s41524-026-02093-y,2026-05-11,Li,FSI,MSL,0.0
exp-845,,OEDB experimental Raman,experimental_raman_index,https://oedb.jp,10.1038/s41524-026-02093-y,2026-05-11,Li,FSI,MSL,0.25
exp-846,,OEDB experimental Raman,experimental_raman_index,https://oedb.jp,10.1038/s41524-026-02093-y,2026-05-11,Li,FSI,MSL,0.5
exp-847,,OEDB experimental Raman,experimental_raman_index,https://oedb.jp,10.1038/s41524-026-02093-y,2026-05-11,Li,FSI,MSL,0.75
exp-848,,OEDB experimental Raman,experimental_raman_index,https://oedb.jp,10.1038/s41524-026-02093-y,2026-05-11,Li,FSI,MSL,1.0
exp-849,,OEDB experimental Raman,experimental_raman_index,https://oedb.jp,10.1038/s41524-026-02093-y,2026-05-11,Li,FSI,MSL,1.25
exp-850,,OEDB experimental Raman,experimental_raman_index,https://oedb.jp,10.1038/s41524-026-02093-y,2026-05-11,Li,FSI,PC,0.0
exp-851,,OEDB experimental Raman,experimental_raman_index,https://oedb.jp,10.1038/s41524-026-02093-y,2026-05-11,Li,FSI,PC,0.25
exp-852,2881.0,OEDB experimental Raman,experimental_raman_index,https://oedb.jp,10.1038/s41524-026-02093-y,2026-05-11,Li,FSI,PC,0.5
exp-853,,OEDB experimental Raman,experimental_raman_index,https://oedb.jp,10.1038/s41524-026-02093-y,2026-05-11,Li,FSI,PC,0.75
exp-854,2882.0,OEDB experimental Raman,experimental_raman_index,https://oedb.jp,10.1038/s41524-026-02093-y,2026-05-11,Li,FSI,PC,1.0
exp-855,,OEDB experimental Raman,experimental_raman_index,https://oedb.jp,10.1038/s41524-026-02093-y,2026-05-11,Li,FSI,PC,1.25
exp-856,2883.0,OEDB experimental Raman,experimental_raman_index,https://oedb.jp,10.1038/s41524-026-02093-y,2026-05-11,Li,FSI,PC,1.5
exp-857,,OEDB experimental Raman,experimental_raman_index,https://oedb.jp,10.1038/s41524-026-02093-y,2026-05-11,Li,FSI,PC,1.75
exp-858,2884.0,OEDB experimental Raman,experimental_raman_index,https://oedb.jp,10.1038/s41524-026-02093-y,2026-05-11,Li,FSI,PC,2.0
exp-859,,OEDB experimental Raman,experimental_raman_index,https://oedb.jp,10.1038/s41524-026-02093-y,2026-05-11,Li,FSI,PC,2.25
exp-860,2885.0,OEDB experimental Raman,experimental_raman_index,https://oedb.jp,10.1038/s41524-026-02093-y,2026-05-11,Li,FSI,PC,2.5
exp-861,,OEDB experimental Raman,experimental_raman_index,https://oedb.jp,10.1038/s41524-026-02093-y,2026-05-11,Li,FSI,PC,2.75
exp-862,2886.0,OEDB experimental Raman,experimental_raman_index,https://oedb.jp,10.1038/s41524-026-02093-y,2026-05-11,Li,FSI,PC,3.0
exp-863,,OEDB experimental Raman,experimental_raman_index,https://oedb.jp,10.1038/s41524-026-02093-y,2026-05-11,Li,FSI,SL,0.25
exp-864,,OEDB experimental Raman,experimental_raman_index,https://oedb.jp,10.1038/s41524-026-02093-y,2026-05-11,Li,FSI,SL,0.5
exp-865,,OEDB experimental Raman,experimental_raman_index,https://oedb.jp,10.1038/s41524-026-02093-y,2026-05-11,Li,FSI,SL,0.75
exp-866,,OEDB experimental Raman,experimental_raman_index,https://oedb.jp,10.1038/s41524-026-02093-y,2026-05-11,Li,FSI,SL,1.0
exp-867,,OEDB experimental Raman,experimental_raman_index,https://oedb.jp,10.1038/s41524-026-02093-y,2026-05-11,Li,FSI,SL,1.25
exp-868,,OEDB experimental Raman,experimental_raman_index,https://oedb.jp,10.1038/s41524-026-02093-y,2026-05-11,Li,FSI,SL,1.5
exp-869,,OEDB experimental Raman,experimental_raman_index,https://oedb.jp,10.1038/s41524-026-02093-y,2026-05-11,Li,FSI,SL,1.75
exp-870,,OEDB experimental Raman,experimental_raman_index,https://oedb.jp,10.1038/s41524-026-02093-y,2026-05-11,Li,FSI,TEP,0.0
exp-871,,OEDB experimental Raman,experimental_raman_index,https://oedb.jp,10.1038/s41524-026-02093-y,2026-05-11,Li,FSI,TEP,0.25
exp-872,2897.0,OEDB experimental Raman,experimental_raman_index,https://oedb.jp,10.1038/s41524-026-02093-y,2026-05-11,Li,FSI,TEP,0.5
exp-873,,OEDB experimental Raman,experimental_raman_index,https://oedb.jp,10.1038/s41524-026-02093-y,2026-05-11,Li,FSI,TEP,0.75
exp-874,2898.0,OEDB experimental Raman,experimental_raman_index,https://oedb.jp,10.1038/s41524-026-02093-y,2026-05-11,Li,FSI,TEP,1.0
exp-875,,OEDB experimental Raman,experimental_raman_index,https://oedb.jp,10.1038/s41524-026-02093-y,2026-05-11,Li,FSI,TEP,1.25
exp-876,2899.0,OEDB experimental Raman,experimental_raman_index,https://oedb.jp,10.1038/s41524-026-02093-y,2026-05-11,Li,FSI,TEP,1.5
exp-877,,OEDB experimental Raman,experimental_raman_index,https://oedb.jp,10.1038/s41524-026-02093-y,2026-05-11,Li,FSI,TEP,1.75
exp-878,2900.0,OEDB experimental Raman,experimental_raman_index,https://oedb.jp,10.1038/s41524-026-02093-y,2026-05-11,Li,FSI,TEP,2.0
exp-879,,OEDB experimental Raman,experimental_raman_index,https://oedb.jp,10.1038/s41524-026-02093-y,2026-05-11,Li,FSI,TEP,2.25
exp-880,2901.0,OEDB experimental Raman,experimental_raman_index,https://oedb.jp,10.1038/s41524-026-02093-y,2026-05-11,Li,FSI,TEP,2.5
exp-881,,OEDB experimental Raman,experimental_raman_index,https://oedb.jp,10.1038/s41524-026-02093-y,2026-05-11,Li,FSI,TEP,2.75
exp-882,,OEDB experimental Raman,experimental_raman_index,https://oedb.jp,10.1038/s41524-026-02093-y,2026-05-11,Li,FSI,THF,0.0
exp-883,,OEDB experimental Raman,experimental_raman_index,https://oedb.jp,10.1038/s41524-026-02093-y,2026-05-11,Li,FSI,THF,0.25
exp-884,,OEDB experimental Raman,experimental_raman_index,https://oedb.jp,10.1038/s41524-026-02093-y,2026-05-11,Li,FSI,THF,0.5
exp-885,,OEDB experimental Raman,experimental_raman_index,https://oedb.jp,10.1038/s41524-026-02093-y,2026-05-11,Li,FSI,THF,0.75
exp-886,,OEDB experimental Raman,experimental_raman_index,https://oedb.jp,10.1038/s41524-026-02093-y,2026-05-11,Li,FSI,THF,1.0
exp-887,,OEDB experimental Raman,experimental_raman_index,https://oedb.jp,10.1038/s41524-026-02093-y,2026-05-11,Li,FSI,THF,1.25
exp-888,,OEDB experimental Raman,experimental_raman_index,https://oedb.jp,10.1038/s41524-026-02093-y,2026-05-11,Li,FSI,THF,1.5
exp-889,,OEDB experimental Raman,experimental_raman_index,https://oedb.jp,10.1038/s41524-026-02093-y,2026-05-11,Li,FSI,THF,1.75
exp-890,,OEDB experimental Raman,experimental_raman_index,https://oedb.jp,10.1038/s41524-026-02093-y,2026-05-11,Li,FSI,THF,2.0
exp-891,,OEDB experimental Raman,experimental_raman_index,https://oedb.jp,10.1038/s41524-026-02093-y,2026-05-11,Li,FSI,THF,2.25
exp-892,,OEDB experimental Raman,experimental_raman_index,https://oedb.jp,10.1038/s41524-026-02093-y,2026-05-11,Li,FSI,THF,2.5
exp-893,,OEDB experimental Raman,experimental_raman_index,https://oedb.jp,10.1038/s41524-026-02093-y,2026-05-11,Li,FSI,THF,2.75
exp-894,,OEDB experimental Raman,experimental_raman_index,https://oedb.jp,10.1038/s41524-026-02093-y,2026-05-11,Li,FSI,THF,3.0
exp-895,,OEDB experimental Raman,experimental_raman_index,https://oedb.jp,10.1038/s41524-026-02093-y,2026-05-11,Li,FSI,THF,3.25
exp-896,,OEDB experimental Raman,experimental_raman_index,https://oedb.jp,10.1038/s41524-026-02093-y,2026-05-11,Li,FSI,THF,3.5
exp-897,,OEDB experimental Raman,experimental_raman_index,https://oedb.jp,10.1038/s41524-026-02093-y,2026-05-11,Li,FSI,THP,0.0
exp-898,,OEDB experimental Raman,experimental_raman_index,https://oedb.jp,10.1038/s41524-026-02093-y,2026-05-11,Li,FSI,THP,0.25
exp-899,,OEDB experimental Raman,experimental_raman_index,https://oedb.jp,10.1038/s41524-026-02093-y,2026-05-11,Li,FSI,THP,0.5
exp-900,,OEDB experimental Raman,experimental_raman_index,https://oedb.jp,10.1038/s41524-026-02093-y,2026-05-11,Li,FSI,THP,0.75
exp-901,,OEDB experimental Raman,experimental_raman_index,https://oedb.jp,10.1038/s41524-026-02093-y,2026-05-11,Li,FSI,THP,1.0
exp-902,,OEDB experimental Raman,experimental_raman_index,https://oedb.jp,10.1038/s41524-026-02093-y,2026-05-11,Li,FSI,THP,1.25
exp-903,,OEDB experimental Raman,experimental_raman_index,https://oedb.jp,10.1038/s41524-026-02093-y,2026-05-11,Li,FSI,THP,1.25
exp-904,,OEDB experimental Raman,experimental_raman_index,https://oedb.jp,10.1038/s41524-026-02093-y,2026-05-11,Li,FSI,TMP,0.0
exp-905,,OEDB experimental Raman,experimental_raman_index,https://oedb.jp,10.1038/s41524-026-02093-y,2026-05-11,Li,FSI,TMP,0.25
exp-906,2905.0,OEDB experimental Raman,experimental_raman_index,https://oedb.jp,10.1038/s41524-026-02093-y,2026-05-11,Li,FSI,TMP,0.5
exp-907,,OEDB experimental Raman,experimental_raman_index,https://oedb.jp,10.1038/s41524-026-02093-y,2026-05-11,Li,FSI,TMP,0.75
exp-908,2906.0,OEDB experimental Raman,experimental_raman_index,https://oedb.jp,10.1038/s41524-026-02093-y,2026-05-11,Li,FSI,TMP,1.0
exp-909,,OEDB experimental Raman,experimental_raman_index,https://oedb.jp,10.1038/s41524-026-02093-y,2026-05-11,Li,FSI,TMP,1.25
exp-910,2907.0,OEDB experimental Raman,experimental_raman_index,https://oedb.jp,10.1038/s41524-026-02093-y,2026-05-11,Li,FSI,TMP,1.5
exp-911,,OEDB experimental Raman,experimental_raman_index,https://oedb.jp,10.1038/s41524-026-02093-y,2026-05-11,Li,FSI,TMP,1.75
exp-912,2908.0,OEDB experimental Raman,experimental_raman_index,https://oedb.jp,10.1038/s41524-026-02093-y,2026-05-11,Li,FSI,TMP,2.0
exp-913,,OEDB experimental Raman,experimental_raman_index,https://oedb.jp,10.1038/s41524-026-02093-y,2026-05-11,Li,FSI,TMP,2.25
exp-914,2909.0,OEDB experimental Raman,experimental_raman_index,https://oedb.jp,10.1038/s41524-026-02093-y,2026-05-11,Li,FSI,TMP,2.5
exp-915,,OEDB experimental Raman,experimental_raman_index,https://oedb.jp,10.1038/s41524-026-02093-y,2026-05-11,Li,FSI,TMP,2.75
exp-916,,OEDB experimental Raman,experimental_raman_index,https://oedb.jp,10.1038/s41524-026-02093-y,2026-05-11,Li,PF6,AN,0.25
exp-917,3121.0,OEDB experimental Raman,experimental_raman_index,https://oedb.jp,10.1038/s41524-026-02093-y,2026-05-11,Li,PF6,AN,0.5
exp-918,,OEDB experimental Raman,experimental_raman_index,https://oedb.jp,10.1038/s41524-026-02093-y,2026-05-11,Li,PF6,AN,0.75
exp-919,3122.0,OEDB experimental Raman,experimental_raman_index,https://oedb.jp,10.1038/s41524-026-02093-y,2026-05-11,Li,PF6,AN,1.0
exp-920,,OEDB experimental Raman,experimental_raman_index,https://oedb.jp,10.1038/s41524-026-02093-y,2026-05-11,Li,PF6,AN,1.25
exp-921,3123.0,OEDB experimental Raman,experimental_raman_index,https://oedb.jp,10.1038/s41524-026-02093-y,2026-05-11,Li,PF6,AN,1.5
exp-922,,OEDB experimental Raman,experimental_raman_index,https://oedb.jp,10.1038/s41524-026-02093-y,2026-05-11,Li,PF6,AN,1.75
exp-923,3124.0,OEDB experimental Raman,experimental_raman_index,https://oedb.jp,10.1038/s41524-026-02093-y,2026-05-11,Li,PF6,AN,2.0
exp-924,,OEDB experimental Raman,experimental_raman_index,https://oedb.jp,10.1038/s41524-026-02093-y,2026-05-11,Li,PF6,Ac,0.25
exp-925,3137.0,OEDB experimental Raman,experimental_raman_index,https://oedb.jp,10.1038/s41524-026-02093-y,2026-05-11,Li,PF6,Ac,0.5
exp-926,,OEDB experimental Raman,experimental_raman_index,https://oedb.jp,10.1038/s41524-026-02093-y,2026-05-11,Li,PF6,Ac,0.75
exp-927,3138.0,OEDB experimental Raman,experimental_raman_index,https://oedb.jp,10.1038/s41524-026-02093-y,2026-05-11,Li,PF6,Ac,1.0
exp-928,,OEDB experimental Raman,experimental_raman_index,https://oedb.jp,10.1038/s41524-026-02093-y,2026-05-11,Li,PF6,Ac,1.25
exp-929,3139.0,OEDB experimental Raman,experimental_raman_index,https://oedb.jp,10.1038/s41524-026-02093-y,2026-05-11,Li,PF6,Ac,1.5
exp-930,,OEDB experimental Raman,experimental_raman_index,https://oedb.jp,10.1038/s41524-026-02093-y,2026-05-11,Li,PF6,Ac,1.75
exp-931,3140.0,OEDB experimental Raman,experimental_raman_index,https://oedb.jp,10.1038/s41524-026-02093-y,2026-05-11,Li,PF6,Ac,2.0
exp-932,,OEDB experimental Raman,experimental_raman_index,https://oedb.jp,10.1038/s41524-026-02093-y,2026-05-11,Li,PF6,Ac,2.25
exp-933,3141.0,OEDB experimental Raman,experimental_raman_index,https://oedb.jp,10.1038/s41524-026-02093-y,2026-05-11,Li,PF6,Ac,2.5
exp-934,,OEDB experimental Raman,experimental_raman_index,https://oedb.jp,10.1038/s41524-026-02093-y,2026-05-11,Li,PF6,Ac,2.75
exp-935,3142.0,OEDB experimental Raman,experimental_raman_index,https://oedb.jp,10.1038/s41524-026-02093-y,2026-05-11,Li,PF6,Ac,3.0
exp-936,,OEDB experimental Raman,experimental_raman_index,https://oedb.jp,10.1038/s41524-026-02093-y,2026-05-11,Li,PF6,Ac,3.25
exp-937,3143.0,OEDB experimental Raman,experimental_raman_index,https://oedb.jp,10.1038/s41524-026-02093-y,2026-05-11,Li,PF6,Ac,3.5
exp-938,,OEDB experimental Raman,experimental_raman_index,https://oedb.jp,10.1038/s41524-026-02093-y,2026-05-11,Li,PF6,DMC,0.25
exp-939,3161.0,OEDB experimental Raman,experimental_raman_index,https://oedb.jp,10.1038/s41524-026-02093-y,2026-05-11,Li,PF6,DMC,0.5
exp-940,,OEDB experimental Raman,experimental_raman_index,https://oedb.jp,10.1038/s41524-026-02093-y,2026-05-11,Li,PF6,DMC,0.75
exp-941,3162.0,OEDB experimental Raman,experimental_raman_index,https://oedb.jp,10.1038/s41524-026-02093-y,2026-05-11,Li,PF6,DMC,1.0
exp-942,,OEDB experimental Raman,experimental_raman_index,https://oedb.jp,10.1038/s41524-026-02093-y,2026-05-11,Li,PF6,DMC,1.25
exp-943,3163.0,OEDB experimental Raman,experimental_raman_index,https://oedb.jp,10.1038/s41524-026-02093-y,2026-05-11,Li,PF6,DMC,1.5
exp-944,,OEDB experimental Raman,experimental_raman_index,https://oedb.jp,10.1038/s41524-026-02093-y,2026-05-11,Li,PF6,DMC,1.75
exp-945,3164.0,OEDB experimental Raman,experimental_raman_index,https://oedb.jp,10.1038/s41524-026-02093-y,2026-05-11,Li,PF6,DMC,2.0
exp-946,,OEDB experimental Raman,experimental_raman_index,https://oedb.jp,10.1038/s41524-026-02093-y,2026-05-11,Li,PF6,DMC,2.25
exp-947,3165.0,OEDB experimental Raman,experimental_raman_index,https://oedb.jp,10.1038/s41524-026-02093-y,2026-05-11,Li,PF6,DMC,2.5
exp-948,,OEDB experimental Raman,experimental_raman_index,https://oedb.jp,10.1038/s41524-026-02093-y,2026-05-11,Li,PF6,DMC,2.75
exp-949,3166.0,OEDB experimental Raman,experimental_raman_index,https://oedb.jp,10.1038/s41524-026-02093-y,2026-05-11,Li,PF6,DMC,3.0
exp-950,,OEDB experimental Raman,experimental_raman_index,https://oedb.jp,10.1038/s41524-026-02093-y,2026-05-11,Li,PF6,DMC,3.25
exp-951,3167.0,OEDB experimental Raman,experimental_raman_index,https://oedb.jp,10.1038/s41524-026-02093-y,2026-05-11,Li,PF6,DMC,3.5
exp-952,,OEDB experimental Raman,experimental_raman_index,https://oedb.jp,10.1038/s41524-026-02093-y,2026-05-11,Li,PF6,DME,0.25
exp-953,,OEDB experimental Raman,experimental_raman_index,https://oedb.jp,10.1038/s41524-026-02093-y,2026-05-11,Li,PF6,DMM,0.25
exp-954,,OEDB experimental Raman,experimental_raman_index,https://oedb.jp,10.1038/s41524-026-02093-y,2026-05-11,Li,PF6,DMSO,0.25
exp-955,3177.0,OEDB experimental Raman,experimental_raman_index,https://oedb.jp,10.1038/s41524-026-02093-y,2026-05-11,Li,PF6,DMSO,0.5
exp-956,,OEDB experimental Raman,experimental_raman_index,https://oedb.jp,10.1038/s41524-026-02093-y,2026-05-11,Li,PF6,DMSO,0.75
exp-957,3178.0,OEDB experimental Raman,experimental_raman_index,https://oedb.jp,10.1038/s41524-026-02093-y,2026-05-11,Li,PF6,DMSO,1.0
exp-958,,OEDB experimental Raman,experimental_raman_index,https://oedb.jp,10.1038/s41524-026-02093-y,2026-05-11,Li,PF6,DMSO,1.25
exp-959,3179.0,OEDB experimental Raman,experimental_raman_index,https://oedb.jp,10.1038/s41524-026-02093-y,2026-05-11,Li,PF6,DMSO,1.5
exp-960,,OEDB experimental Raman,experimental_raman_index,https://oedb.jp,10.1038/s41524-026-02093-y,2026-05-11,Li,PF6,DMSO,1.75
exp-961,3180.0,OEDB experimental Raman,experimental_raman_index,https://oedb.jp,10.1038/s41524-026-02093-y,2026-05-11,Li,PF6,DMSO,2.0
exp-962,,OEDB experimental Raman,experimental_raman_index,https://oedb.jp,10.1038/s41524-026-02093-y,2026-05-11,Li,PF6,DMSO,2.25
exp-963,,OEDB experimental Raman,experimental_raman_index,https://oedb.jp,10.1038/s41524-026-02093-y,2026-05-11,Li,PF6,EA,0.25
exp-964,3185.0,OEDB experimental Raman,experimental_raman_index,https://oedb.jp,10.1038/s41524-026-02093-y,2026-05-11,Li,PF6,EA,0.5
exp-965,,OEDB experimental Raman,experimental_raman_index,https://oedb.jp,10.1038/s41524-026-02093-y,2026-05-11,Li,PF6,EA,0.75
exp-966,3186.0,OEDB experimental Raman,experimental_raman_index,https://oedb.jp,10.1038/s41524-026-02093-y,2026-05-11,Li,PF6,EA,1.0
exp-967,,OEDB experimental Raman,experimental_raman_index,https://oedb.jp,10.1038/s41524-026-02093-y,2026-05-11,Li,PF6,EA,1.25
exp-968,3187.0,OEDB experimental Raman,experimental_raman_index,https://oedb.jp,10.1038/s41524-026-02093-y,2026-05-11,Li,PF6,EA,1.5
exp-969,,OEDB experimental Raman,experimental_raman_index,https://oedb.jp,10.1038/s41524-026-02093-y,2026-05-11,Li,PF6,EA,1.75
exp-970,3188.0,OEDB experimental Raman,experimental_raman_index,https://oedb.jp,10.1038/s41524-026-02093-y,2026-05-11,Li,PF6,EA,2.0
exp-971,,OEDB experimental Raman,experimental_raman_index,https://oedb.jp,10.1038/s41524-026-02093-y,2026-05-11,Li,PF6,EA,2.25
exp-972,3189.0,OEDB experimental Raman,experimental_raman_index,https://oedb.jp,10.1038/s41524-026-02093-y,2026-05-11,Li,PF6,EA,2.5
exp-973,,OEDB experimental Raman,experimental_raman_index,https://oedb.jp,10.1038/s41524-026-02093-y,2026-05-11,Li,PF6,EA,2.75
exp-974,3190.0,OEDB experimental Raman,experimental_raman_index,https://oedb.jp,10.1038/s41524-026-02093-y,2026-05-11,Li,PF6,EA,3.0
exp-975,,OEDB experimental Raman,experimental_raman_index,https://oedb.jp,10.1038/s41524-026-02093-y,2026-05-11,Li,PF6,EA,3.25
exp-976,3191.0,OEDB experimental Raman,experimental_raman_index,https://oedb.jp,10.1038/s41524-026-02093-y,2026-05-11,Li,PF6,EA,3.5
exp-977,,OEDB experimental Raman,experimental_raman_index,https://oedb.jp,10.1038/s41524-026-02093-y,2026-05-11,Li,PF6,EC,0.25
exp-978,,OEDB experimental Raman,experimental_raman_index,https://oedb.jp,10.1038/s41524-026-02093-y,2026-05-11,Li,PF6,EC,0.75
exp-979,3202.0,OEDB experimental Raman,experimental_raman_index,https://oedb.jp,10.1038/s41524-026-02093-y,2026-05-11,Li,PF6,EC,1.0
exp-980,,OEDB experimental Raman,experimental_raman_index,https://oedb.jp,10.1038/s41524-026-02093-y,2026-05-11,Li,PF6,EMC,0.25
exp-981,3209.0,OEDB experimental Raman,experimental_raman_index,https://oedb.jp,10.1038/s41524-026-02093-y,2026-05-11,Li,PF6,EMC,0.5
exp-982,,OEDB experimental Raman,experimental_raman_index,https://oedb.jp,10.1038/s41524-026-02093-y,2026-05-11,Li,PF6,EMC,0.75
exp-983,3210.0,OEDB experimental Raman,experimental_raman_index,https://oedb.jp,10.1038/s41524-026-02093-y,2026-05-11,Li,PF6,EMC,1.0
exp-984,,OEDB experimental Raman,experimental_raman_index,https://oedb.jp,10.1038/s41524-026-02093-y,2026-05-11,Li,PF6,EMC,1.25
exp-985,3211.0,OEDB experimental Raman,experimental_raman_index,https://oedb.jp,10.1038/s41524-026-02093-y,2026-05-11,Li,PF6,EMC,1.5
exp-986,,OEDB experimental Raman,experimental_raman_index,https://oedb.jp,10.1038/s41524-026-02093-y,2026-05-11,Li,PF6,EMC,1.75
exp-987,3212.0,OEDB experimental Raman,experimental_raman_index,https://oedb.jp,10.1038/s41524-026-02093-y,2026-05-11,Li,PF6,EMC,2.0
exp-988,,OEDB experimental Raman,experimental_raman_index,https://oedb.jp,10.1038/s41524-026-02093-y,2026-05-11,Li,PF6,EMC,2.25
exp-989,3213.0,OEDB experimental Raman,experimental_raman_index,https://oedb.jp,10.1038/s41524-026-02093-y,2026-05-11,Li,PF6,EMC,2.5
exp-990,,OEDB experimental Raman,experimental_raman_index,https://oedb.jp,10.1038/s41524-026-02093-y,2026-05-11,Li,PF6,EMC,2.75
exp-991,3214.0,OEDB experimental Raman,experimental_raman_index,https://oedb.jp,10.1038/s41524-026-02093-y,2026-05-11,Li,PF6,EMC,3.0
exp-992,,OEDB experimental Raman,experimental_raman_index,https://oedb.jp,10.1038/s41524-026-02093-y,2026-05-11,Li,PF6,EMC,3.25
exp-993,3215.0,OEDB experimental Raman,experimental_raman_index,https://oedb.jp,10.1038/s41524-026-02093-y,2026-05-11,Li,PF6,EMC,3.5
exp-994,,OEDB experimental Raman,experimental_raman_index,https://oedb.jp,10.1038/s41524-026-02093-y,2026-05-11,Li,PF6,EMS,0.25
exp-995,,OEDB experimental Raman,experimental_raman_index,https://oedb.jp,10.1038/s41524-026-02093-y,2026-05-11,Li,PF6,EMS,0.75
exp-996,,OEDB experimental Raman,experimental_raman_index,https://oedb.jp,10.1038/s41524-026-02093-y,2026-05-11,Li,PF6,EMS,1.0
exp-997,,OEDB experimental Raman,experimental_raman_index,https://oedb.jp,10.1038/s41524-026-02093-y,2026-05-11,Li,PF6,EiPS,0.25
exp-998,,OEDB experimental Raman,experimental_raman_index,https://oedb.jp,10.1038/s41524-026-02093-y,2026-05-11,Li,PF6,EiPS,0.5
exp-999,,OEDB experimental Raman,experimental_raman_index,https://oedb.jp,10.1038/s41524-026-02093-y,2026-05-11,Li,PF6,EiPS,0.75
exp-1000,,OEDB experimental Raman,experimental_raman_index,https://oedb.jp,10.1038/s41524-026-02093-y,2026-05-11,Li,PF6,FEC,0.25
exp-1001,,OEDB experimental Raman,experimental_raman_index,https://oedb.jp,10.1038/s41524-026-02093-y,2026-05-11,Li,PF6,FEC,0.25
exp-1002,3241.0,OEDB experimental Raman,experimental_raman_index,https://oedb.jp,10.1038/s41524-026-02093-y,2026-05-11,Li,PF6,FEC,0.5
exp-1003,,OEDB experimental Raman,experimental_raman_index,https://oedb.jp,10.1038/s41524-026-02093-y,2026-05-11,Li,PF6,FEC,0.75
exp-1004,3242.0,OEDB experimental Raman,experimental_raman_index,https://oedb.jp,10.1038/s41524-026-02093-y,2026-05-11,Li,PF6,FEC,1.0
exp-1005,,OEDB experimental Raman,experimental_raman_index,https://oedb.jp,10.1038/s41524-026-02093-y,2026-05-11,Li,PF6,FEC,1.25
exp-1006,3243.0,OEDB experimental Raman,experimental_raman_index,https://oedb.jp,10.1038/s41524-026-02093-y,2026-05-11,Li,PF6,FEC,1.5
exp-1007,,OEDB experimental Raman,experimental_raman_index,https://oedb.jp,10.1038/s41524-026-02093-y,2026-05-11,Li,PF6,FEC,1.75
exp-1008,,OEDB experimental Raman,experimental_raman_index,https://oedb.jp,10.1038/s41524-026-02093-y,2026-05-11,Li,PF6,FEMC,0.25
exp-1009,,OEDB experimental Raman,experimental_raman_index,https://oedb.jp,10.1038/s41524-026-02093-y,2026-05-11,Li,PF6,FEMC,0.25
exp-1010,3249.0,OEDB experimental Raman,experimental_raman_index,https://oedb.jp,10.1038/s41524-026-02093-y,2026-05-11,Li,PF6,FEMC,0.5
exp-1011,,OEDB experimental Raman,experimental_raman_index,https://oedb.jp,10.1038/s41524-026-02093-y,2026-05-11,Li,PF6,FEMC,0.75
exp-1012,3250.0,OEDB experimental Raman,experimental_raman_index,https://oedb.jp,10.1038/s41524-026-02093-y,2026-05-11,Li,PF6,FEMC,1.0
exp-1013,,OEDB experimental Raman,experimental_raman_index,https://oedb.jp,10.1038/s41524-026-02093-y,2026-05-11,Li,PF6,FEMC,1.25
exp-1014,3251.0,OEDB experimental Raman,experimental_raman_index,https://oedb.jp,10.1038/s41524-026-02093-y,2026-05-11,Li,PF6,FEMC,1.5
exp-1015,,OEDB experimental Raman,experimental_raman_index,https://oedb.jp,10.1038/s41524-026-02093-y,2026-05-11,Li,PF6,FEMC,1.75
exp-1016,3252.0,OEDB experimental Raman,experimental_raman_index,https://oedb.jp,10.1038/s41524-026-02093-y,2026-05-11,Li,PF6,FEMC,2.0
exp-1017,,OEDB experimental Raman,experimental_raman_index,https://oedb.jp,10.1038/s41524-026-02093-y,2026-05-11,Li,PF6,FEMC,2.25
exp-1018,,OEDB experimental Raman,experimental_raman_index,https://oedb.jp,10.1038/s41524-026-02093-y,2026-05-11,Li,PF6,G3,0.25
exp-1019,,OEDB experimental Raman,experimental_raman_index,https://oedb.jp,10.1038/s41524-026-02093-y,2026-05-11,Li,PF6,G3,0.5
exp-1020,,OEDB experimental Raman,experimental_raman_index,https://oedb.jp,10.1038/s41524-026-02093-y,2026-05-11,Li,PF6,G3,0.75
exp-1021,,OEDB experimental Raman,experimental_raman_index,https://oedb.jp,10.1038/s41524-026-02093-y,2026-05-11,Li,PF6,G3,1.0
exp-1022,,OEDB experimental Raman,experimental_raman_index,https://oedb.jp,10.1038/s41524-026-02093-y,2026-05-11,Li,PF6,G3,1.25
exp-1023,,OEDB experimental Raman,experimental_raman_index,https://oedb.jp,10.1038/s41524-026-02093-y,2026-05-11,Li,PF6,G3,1.5
exp-1024,,OEDB experimental Raman,experimental_raman_index,https://oedb.jp,10.1038/s41524-026-02093-y,2026-05-11,Li,PF6,G3,1.75
exp-1025,,OEDB experimental Raman,experimental_raman_index,https://oedb.jp,10.1038/s41524-026-02093-y,2026-05-11,Li,PF6,GBL,0.25
exp-1026,,OEDB experimental Raman,experimental_raman_index,https://oedb.jp,10.1038/s41524-026-02093-y,2026-05-11,Li,PF6,GBL,0.25
exp-1027,3257.0,OEDB experimental Raman,experimental_raman_index,https://oedb.jp,10.1038/s41524-026-02093-y,2026-05-11,Li,PF6,GBL,0.5
exp-1028,,OEDB experimental Raman,experimental_raman_index,https://oedb.jp,10.1038/s41524-026-02093-y,2026-05-11,Li,PF6,GBL,0.75
exp-1029,3258.0,OEDB experimental Raman,experimental_raman_index,https://oedb.jp,10.1038/s41524-026-02093-y,2026-05-11,Li,PF6,GBL,1.0
exp-1030,,OEDB experimental Raman,experimental_raman_index,https://oedb.jp,10.1038/s41524-026-02093-y,2026-05-11,Li,PF6,GBL,1.25
exp-1031,3259.0,OEDB experimental Raman,experimental_raman_index,https://oedb.jp,10.1038/s41524-026-02093-y,2026-05-11,Li,PF6,GBL,1.5
exp-1032,,OEDB experimental Raman,experimental_raman_index,https://oedb.jp,10.1038/s41524-026-02093-y,2026-05-11,Li,PF6,GBL,1.75
exp-1033,3260.0,OEDB experimental Raman,experimental_raman_index,https://oedb.jp,10.1038/s41524-026-02093-y,2026-05-11,Li,PF6,GBL,2.0
exp-1034,,OEDB experimental Raman,experimental_raman_index,https://oedb.jp,10.1038/s41524-026-02093-y,2026-05-11,Li,PF6,GBL,2.25
exp-1035,3261.0,OEDB experimental Raman,experimental_raman_index,https://oedb.jp,10.1038/s41524-026-02093-y,2026-05-11,Li,PF6,GBL,2.5
exp-1036,,OEDB experimental Raman,experimental_raman_index,https://oedb.jp,10.1038/s41524-026-02093-y,2026-05-11,Li,PF6,MSL,0.25
exp-1037,,OEDB experimental Raman,experimental_raman_index,https://oedb.jp,10.1038/s41524-026-02093-y,2026-05-11,Li,PF6,MSL,0.5
exp-1038,,OEDB experimental Raman,experimental_raman_index,https://oedb.jp,10.1038/s41524-026-02093-y,2026-05-11,Li,PF6,PC,0.25
exp-1039,3297.0,OEDB experimental Raman,experimental_raman_index,https://oedb.jp,10.1038/s41524-026-02093-y,2026-05-11,Li,PF6,PC,0.5
exp-1040,,OEDB experimental Raman,experimental_raman_index,https://oedb.jp,10.1038/s41524-026-02093-y,2026-05-11,Li,PF6,PC,0.75
exp-1041,3298.0,OEDB experimental Raman,experimental_raman_index,https://oedb.jp,10.1038/s41524-026-02093-y,2026-05-11,Li,PF6,PC,1.0
exp-1042,,OEDB experimental Raman,experimental_raman_index,https://oedb.jp,10.1038/s41524-026-02093-y,2026-05-11,Li,PF6,PC,1.25
exp-1043,3299.0,OEDB experimental Raman,experimental_raman_index,https://oedb.jp,10.1038/s41524-026-02093-y,2026-05-11,Li,PF6,PC,1.5
exp-1044,,OEDB experimental Raman,experimental_raman_index,https://oedb.jp,10.1038/s41524-026-02093-y,2026-05-11,Li,PF6,PC,1.75
exp-1045,,OEDB experimental Raman,experimental_raman_index,https://oedb.jp,10.1038/s41524-026-02093-y,2026-05-11,Li,PF6,SL,0.25
exp-1046,,OEDB experimental Raman,experimental_raman_index,https://oedb.jp,10.1038/s41524-026-02093-y,2026-05-11,Li,PF6,SL,0.5
exp-1047,,OEDB experimental Raman,experimental_raman_index,https://oedb.jp,10.1038/s41524-026-02093-y,2026-05-11,Li,PF6,SL,0.75
exp-1048,,OEDB experimental Raman,experimental_raman_index,https://oedb.jp,10.1038/s41524-026-02093-y,2026-05-11,Li,PF6,TEP,0.25
exp-1049,3313.0,OEDB experimental Raman,experimental_raman_index,https://oedb.jp,10.1038/s41524-026-02093-y,2026-05-11,Li,PF6,TEP,0.5
exp-1050,,OEDB experimental Raman,experimental_raman_index,https://oedb.jp,10.1038/s41524-026-02093-y,2026-05-11,Li,PF6,TEP,0.75
exp-1051,3314.0,OEDB experimental Raman,experimental_raman_index,https://oedb.jp,10.1038/s41524-026-02093-y,2026-05-11,Li,PF6,TEP,1.0
exp-1052,,OEDB experimental Raman,experimental_raman_index,https://oedb.jp,10.1038/s41524-026-02093-y,2026-05-11,Li,PF6,TEP,1.25
exp-1053,3315.0,OEDB experimental Raman,experimental_raman_index,https://oedb.jp,10.1038/s41524-026-02093-y,2026-05-11,Li,PF6,TEP,1.5
exp-1054,,OEDB experimental Raman,experimental_raman_index,https://oedb.jp,10.1038/s41524-026-02093-y,2026-05-11,Li,PF6,TEP,1.75
exp-1055,,OEDB experimental Raman,experimental_raman_index,https://oedb.jp,10.1038/s41524-026-02093-y,2026-05-11,Li,PF6,THF,0.25
exp-1056,,OEDB experimental Raman,experimental_raman_index,https://oedb.jp,10.1038/s41524-026-02093-y,2026-05-11,Li,PF6,THF,0.5
exp-1057,,OEDB experimental Raman,experimental_raman_index,https://oedb.jp,10.1038/s41524-026-02093-y,2026-05-11,Li,PF6,THF,0.75
exp-1058,,OEDB experimental Raman,experimental_raman_index,https://oedb.jp,10.1038/s41524-026-02093-y,2026-05-11,Li,PF6,THF,1.0
exp-1059,,OEDB experimental Raman,experimental_raman_index,https://oedb.jp,10.1038/s41524-026-02093-y,2026-05-11,Li,PF6,THF,1.25
exp-1060,,OEDB experimental Raman,experimental_raman_index,https://oedb.jp,10.1038/s41524-026-02093-y,2026-05-11,Li,PF6,THF,1.5
exp-1061,,OEDB experimental Raman,experimental_raman_index,https://oedb.jp,10.1038/s41524-026-02093-y,2026-05-11,Li,PF6,THF,1.75
exp-1062,,OEDB experimental Raman,experimental_raman_index,https://oedb.jp,10.1038/s41524-026-02093-y,2026-05-11,Li,PF6,THF,2.0
exp-1063,,OEDB experimental Raman,experimental_raman_index,https://oedb.jp,10.1038/s41524-026-02093-y,2026-05-11,Li,PF6,THF,2.25
exp-1064,,OEDB experimental Raman,experimental_raman_index,https://oedb.jp,10.1038/s41524-026-02093-y,2026-05-11,Li,PF6,THP,0.25
exp-1065,,OEDB experimental Raman,experimental_raman_index,https://oedb.jp,10.1038/s41524-026-02093-y,2026-05-11,Li,PF6,THP,0.5
exp-1066,,OEDB experimental Raman,experimental_raman_index,https://oedb.jp,10.1038/s41524-026-02093-y,2026-05-11,Li,PF6,THP,0.75
exp-1067,,OEDB experimental Raman,experimental_raman_index,https://oedb.jp,10.1038/s41524-026-02093-y,2026-05-11,Li,PF6,THP,1.0
exp-1068,,OEDB experimental Raman,experimental_raman_index,https://oedb.jp,10.1038/s41524-026-02093-y,2026-05-11,Li,PF6,TMP,0.25
exp-1069,3321.0,OEDB experimental Raman,experimental_raman_index,https://oedb.jp,10.1038/s41524-026-02093-y,2026-05-11,Li,PF6,TMP,0.5
exp-1070,,OEDB experimental Raman,experimental_raman_index,https://oedb.jp,10.1038/s41524-026-02093-y,2026-05-11,Li,PF6,TMP,0.75
exp-1071,3322.0,OEDB experimental Raman,experimental_raman_index,https://oedb.jp,10.1038/s41524-026-02093-y,2026-05-11,Li,PF6,TMP,1.0
exp-1072,,OEDB experimental Raman,experimental_raman_index,https://oedb.jp,10.1038/s41524-026-02093-y,2026-05-11,Li,PF6,TMP,1.25
exp-1073,3323.0,OEDB experimental Raman,experimental_raman_index,https://oedb.jp,10.1038/s41524-026-02093-y,2026-05-11,Li,PF6,TMP,1.5
exp-1074,,OEDB experimental Raman,experimental_raman_index,https://oedb.jp,10.1038/s41524-026-02093-y,2026-05-11,Li,PF6,TMP,1.75
exp-1075,,OEDB experimental Raman,experimental_raman_index,https://oedb.jp,10.1038/s41524-026-02093-y,2026-05-11,Li,TFSI,AN,0.25
exp-1076,3537.0,OEDB experimental Raman,experimental_raman_index,https://oedb.jp,10.1038/s41524-026-02093-y,2026-05-11,Li,TFSI,AN,0.5
exp-1077,,OEDB experimental Raman,experimental_raman_index,https://oedb.jp,10.1038/s41524-026-02093-y,2026-05-11,Li,TFSI,AN,0.75
exp-1078,3538.0,OEDB experimental Raman,experimental_raman_index,https://oedb.jp,10.1038/s41524-026-02093-y,2026-05-11,Li,TFSI,AN,1.0
exp-1079,,OEDB experimental Raman,experimental_raman_index,https://oedb.jp,10.1038/s41524-026-02093-y,2026-05-11,Li,TFSI,AN,1.25
exp-1080,3539.0,OEDB experimental Raman,experimental_raman_index,https://oedb.jp,10.1038/s41524-026-02093-y,2026-05-11,Li,TFSI,AN,1.5
exp-1081,,OEDB experimental Raman,experimental_raman_index,https://oedb.jp,10.1038/s41524-026-02093-y,2026-05-11,Li,TFSI,AN,1.75
exp-1082,3540.0,OEDB experimental Raman,experimental_raman_index,https://oedb.jp,10.1038/s41524-026-02093-y,2026-05-11,Li,TFSI,AN,2.0
exp-1083,,OEDB experimental Raman,experimental_raman_index,https://oedb.jp,10.1038/s41524-026-02093-y,2026-05-11,Li,TFSI,AN,2.25
exp-1084,3541.0,OEDB experimental Raman,experimental_raman_index,https://oedb.jp,10.1038/s41524-026-02093-y,2026-05-11,Li,TFSI,AN,2.5
exp-1085,,OEDB experimental Raman,experimental_raman_index,https://oedb.jp,10.1038/s41524-026-02093-y,2026-05-11,Li,TFSI,AN,2.75
exp-1086,3542.0,OEDB experimental Raman,experimental_raman_index,https://oedb.jp,10.1038/s41524-026-02093-y,2026-05-11,Li,TFSI,AN,3.0
exp-1087,,OEDB experimental Raman,experimental_raman_index,https://oedb.jp,10.1038/s41524-026-02093-y,2026-05-11,Li,TFSI,AN,3.25
exp-1088,3543.0,OEDB experimental Raman,experimental_raman_index,https://oedb.jp,10.1038/s41524-026-02093-y,2026-05-11,Li,TFSI,AN,3.5
exp-1089,,OEDB experimental Raman,experimental_raman_index,https://oedb.jp,10.1038/s41524-026-02093-y,2026-05-11,Li,TFSI,Ac,0.25
exp-1090,3553.0,OEDB experimental Raman,experimental_raman_index,https://oedb.jp,10.1038/s41524-026-02093-y,2026-05-11,Li,TFSI,Ac,0.5
exp-1091,,OEDB experimental Raman,experimental_raman_index,https://oedb.jp,10.1038/s41524-026-02093-y,2026-05-11,Li,TFSI,Ac,0.75
exp-1092,3554.0,OEDB experimental Raman,experimental_raman_index,https://oedb.jp,10.1038/s41524-026-02093-y,2026-05-11,Li,TFSI,Ac,1.0
exp-1093,,OEDB experimental Raman,experimental_raman_index,https://oedb.jp,10.1038/s41524-026-02093-y,2026-05-11,Li,TFSI,Ac,1.25
exp-1094,3555.0,OEDB experimental Raman,experimental_raman_index,https://oedb.jp,10.1038/s41524-026-02093-y,2026-05-11,Li,TFSI,Ac,1.5
exp-1095,,OEDB experimental Raman,experimental_raman_index,https://oedb.jp,10.1038/s41524-026-02093-y,2026-05-11,Li,TFSI,Ac,1.75
exp-1096,3556.0,OEDB experimental Raman,experimental_raman_index,https://oedb.jp,10.1038/s41524-026-02093-y,2026-05-11,Li,TFSI,Ac,2.0
exp-1097,,OEDB experimental Raman,experimental_raman_index,https://oedb.jp,10.1038/s41524-026-02093-y,2026-05-11,Li,TFSI,Ac,2.25
exp-1098,3557.0,OEDB experimental Raman,experimental_raman_index,https://oedb.jp,10.1038/s41524-026-02093-y,2026-05-11,Li,TFSI,Ac,2.5
exp-1099,,OEDB experimental Raman,experimental_raman_index,https://oedb.jp,10.1038/s41524-026-02093-y,2026-05-11,Li,TFSI,Ac,2.75
exp-1100,3558.0,OEDB experimental Raman,experimental_raman_index,https://oedb.jp,10.1038/s41524-026-02093-y,2026-05-11,Li,TFSI,Ac,3.0
exp-1101,,OEDB experimental Raman,experimental_raman_index,https://oedb.jp,10.1038/s41524-026-02093-y,2026-05-11,Li,TFSI,Ac,3.25
exp-1102,3559.0,OEDB experimental Raman,experimental_raman_index,https://oedb.jp,10.1038/s41524-026-02093-y,2026-05-11,Li,TFSI,Ac,3.5
exp-1103,,OEDB experimental Raman,experimental_raman_index,https://oedb.jp,10.1038/s41524-026-02093-y,2026-05-11,Li,TFSI,DEE,0.25
exp-1104,,OEDB experimental Raman,experimental_raman_index,https://oedb.jp,10.1038/s41524-026-02093-y,2026-05-11,Li,TFSI,DEE,0.5
exp-1105,,OEDB experimental Raman,experimental_raman_index,https://oedb.jp,10.1038/s41524-026-02093-y,2026-05-11,Li,TFSI,DEE,0.75
exp-1106,,OEDB experimental Raman,experimental_raman_index,https://oedb.jp,10.1038/s41524-026-02093-y,2026-05-11,Li,TFSI,DEE,1.0
exp-1107,,OEDB experimental Raman,experimental_raman_index,https://oedb.jp,10.1038/s41524-026-02093-y,2026-05-11,Li,TFSI,DEE,1.25
exp-1108,,OEDB experimental Raman,experimental_raman_index,https://oedb.jp,10.1038/s41524-026-02093-y,2026-05-11,Li,TFSI,DEE,1.5
exp-1109,,OEDB experimental Raman,experimental_raman_index,https://oedb.jp,10.1038/s41524-026-02093-y,2026-05-11,Li,TFSI,DEE,1.75
exp-1110,,OEDB experimental Raman,experimental_raman_index,https://oedb.jp,10.1038/s41524-026-02093-y,2026-05-11,Li,TFSI,DEE,2.0
exp-1111,,OEDB experimental Raman,experimental_raman_index,https://oedb.jp,10.1038/s41524-026-02093-y,2026-05-11,Li,TFSI,DEE,2.25
exp-1112,,OEDB experimental Raman,experimental_raman_index,https://oedb.jp,10.1038/s41524-026-02093-y,2026-05-11,Li,TFSI,DEE,2.5
exp-1113,,OEDB experimental Raman,experimental_raman_index,https://oedb.jp,10.1038/s41524-026-02093-y,2026-05-11,Li,TFSI,DEE,2.75
exp-1114,,OEDB experimental Raman,experimental_raman_index,https://oedb.jp,10.1038/s41524-026-02093-y,2026-05-11,Li,TFSI,DEE,3.0
exp-1115,,OEDB experimental Raman,experimental_raman_index,https://oedb.jp,10.1038/s41524-026-02093-y,2026-05-11,Li,TFSI,DEE,3.25
exp-1116,,OEDB experimental Raman,experimental_raman_index,https://oedb.jp,10.1038/s41524-026-02093-y,2026-05-11,Li,TFSI,DEE,3.5
exp-1117,,OEDB experimental Raman,experimental_raman_index,https://oedb.jp,10.1038/s41524-026-02093-y,2026-05-11,Li,TFSI,DMC,0.25
exp-1118,3577.0,OEDB experimental Raman,experimental_raman_index,https://oedb.jp,10.1038/s41524-026-02093-y,2026-05-11,Li,TFSI,DMC,0.5
exp-1119,,OEDB experimental Raman,experimental_raman_index,https://oedb.jp,10.1038/s41524-026-02093-y,2026-05-11,Li,TFSI,DMC,0.75
exp-1120,3578.0,OEDB experimental Raman,experimental_raman_index,https://oedb.jp,10.1038/s41524-026-02093-y,2026-05-11,Li,TFSI,DMC,1.0
exp-1121,,OEDB experimental Raman,experimental_raman_index,https://oedb.jp,10.1038/s41524-026-02093-y,2026-05-11,Li,TFSI,DMC,1.25
exp-1122,3579.0,OEDB experimental Raman,experimental_raman_index,https://oedb.jp,10.1038/s41524-026-02093-y,2026-05-11,Li,TFSI,DMC,1.5
exp-1123,,OEDB experimental Raman,experimental_raman_index,https://oedb.jp,10.1038/s41524-026-02093-y,2026-05-11,Li,TFSI,DMC,1.75
exp-1124,3580.0,OEDB experimental Raman,experimental_raman_index,https://oedb.jp,10.1038/s41524-026-02093-y,2026-05-11,Li,TFSI,DMC,2.0
exp-1125,,OEDB experimental Raman,experimental_raman_index,https://oedb.jp,10.1038/s41524-026-02093-y,2026-05-11,Li,TFSI,DMC,2.25
exp-1126,3581.0,OEDB experimental Raman,experimental_raman_index,https://oedb.jp,10.1038/s41524-026-02093-y,2026-05-11,Li,TFSI,DMC,2.5
exp-1127,,OEDB experimental Raman,experimental_raman_index,https://oedb.jp,10.1038/s41524-026-02093-y,2026-05-11,Li,TFSI,DMC,2.75
exp-1128,3582.0,OEDB experimental Raman,experimental_raman_index,https://oedb.jp,10.1038/s41524-026-02093-y,2026-05-11,Li,TFSI,DMC,3.0
exp-1129,,OEDB experimental Raman,experimental_raman_index,https://oedb.jp,10.1038/s41524-026-02093-y,2026-05-11,Li,TFSI,DMC,3.25
exp-1130,3583.0,OEDB experimental Raman,experimental_raman_index,https://oedb.jp,10.1038/s41524-026-02093-y,2026-05-11,Li,TFSI,DMC,3.5
exp-1131,,OEDB experimental Raman,experimental_raman_index,https://oedb.jp,10.1038/s41524-026-02093-y,2026-05-11,Li,TFSI,DME,0.25
exp-1132,,OEDB experimental Raman,experimental_raman_index,https://oedb.jp,10.1038/s41524-026-02093-y,2026-05-11,Li,TFSI,DME,0.5
exp-1133,,OEDB experimental Raman,experimental_raman_index,https://oedb.jp,10.1038/s41524-026-02093-y,2026-05-11,Li,TFSI,DME,0.75
exp-1134,,OEDB experimental Raman,experimental_raman_index,https://oedb.jp,10.1038/s41524-026-02093-y,2026-05-11,Li,TFSI,DME,1.0
exp-1135,,OEDB experimental Raman,experimental_raman_index,https://oedb.jp,10.1038/s41524-026-02093-y,2026-05-11,Li,TFSI,DME,1.25
exp-1136,,OEDB experimental Raman,experimental_raman_index,https://oedb.jp,10.1038/s41524-026-02093-y,2026-05-11,Li,TFSI,DME,1.5
exp-1137,,OEDB experimental Raman,experimental_raman_index,https://oedb.jp,10.1038/s41524-026-02093-y,2026-05-11,Li,TFSI,DME,1.75
exp-1138,,OEDB experimental Raman,experimental_raman_index,https://oedb.jp,10.1038/s41524-026-02093-y,2026-05-11,Li,TFSI,DME,2.0
exp-1139,,OEDB experimental Raman,experimental_raman_index,https://oedb.jp,10.1038/s41524-026-02093-y,2026-05-11,Li,TFSI,DME,2.25
exp-1140,,OEDB experimental Raman,experimental_raman_index,https://oedb.jp,10.1038/s41524-026-02093-y,2026-05-11,Li,TFSI,DMM,0.25
exp-1141,,OEDB experimental Raman,experimental_raman_index,https://oedb.jp,10.1038/s41524-026-02093-y,2026-05-11,Li,TFSI,DMM,0.5
exp-1142,,OEDB experimental Raman,experimental_raman_index,https://oedb.jp,10.1038/s41524-026-02093-y,2026-05-11,Li,TFSI,DMM,0.75
exp-1143,,OEDB experimental Raman,experimental_raman_index,https://oedb.jp,10.1038/s41524-026-02093-y,2026-05-11,Li,TFSI,DMM,1.0
exp-1144,,OEDB experimental Raman,experimental_raman_index,https://oedb.jp,10.1038/s41524-026-02093-y,2026-05-11,Li,TFSI,DMM,1.25
exp-1145,,OEDB experimental Raman,experimental_raman_index,https://oedb.jp,10.1038/s41524-026-02093-y,2026-05-11,Li,TFSI,DMM,1.5
exp-1146,,OEDB experimental Raman,experimental_raman_index,https://oedb.jp,10.1038/s41524-026-02093-y,2026-05-11,Li,TFSI,DMM,1.75
exp-1147,,OEDB experimental Raman,experimental_raman_index,https://oedb.jp,10.1038/s41524-026-02093-y,2026-05-11,Li,TFSI,DMM,2.0
exp-1148,,OEDB experimental Raman,experimental_raman_index,https://oedb.jp,10.1038/s41524-026-02093-y,2026-05-11,Li,TFSI,DMM,2.25
exp-1149,,OEDB experimental Raman,experimental_raman_index,https://oedb.jp,10.1038/s41524-026-02093-y,2026-05-11,Li,TFSI,DMM,2.5
exp-1150,,OEDB experimental Raman,experimental_raman_index,https://oedb.jp,10.1038/s41524-026-02093-y,2026-05-11,Li,TFSI,DMM,2.75
exp-1151,,OEDB experimental Raman,experimental_raman_index,https://oedb.jp,10.1038/s41524-026-02093-y,2026-05-11,Li,TFSI,DMM,3.0
exp-1152,,OEDB experimental Raman,experimental_raman_index,https://oedb.jp,10.1038/s41524-026-02093-y,2026-05-11,Li,TFSI,DMM,3.25
exp-1153,,OEDB experimental Raman,experimental_raman_index,https://oedb.jp,10.1038/s41524-026-02093-y,2026-05-11,Li,TFSI,DMM,3.5
exp-1154,,OEDB experimental Raman,experimental_raman_index,https://oedb.jp,10.1038/s41524-026-02093-y,2026-05-11,Li,TFSI,DMSO,0.25
exp-1155,3593.0,OEDB experimental Raman,experimental_raman_index,https://oedb.jp,10.1038/s41524-026-02093-y,2026-05-11,Li,TFSI,DMSO,0.5
exp-1156,,OEDB experimental Raman,experimental_raman_index,https://oedb.jp,10.1038/s41524-026-02093-y,2026-05-11,Li,TFSI,DMSO,0.75
exp-1157,3594.0,OEDB experimental Raman,experimental_raman_index,https://oedb.jp,10.1038/s41524-026-02093-y,2026-05-11,Li,TFSI,DMSO,1.0
exp-1158,,OEDB experimental Raman,experimental_raman_index,https://oedb.jp,10.1038/s41524-026-02093-y,2026-05-11,Li,TFSI,DMSO,1.25
exp-1159,3595.0,OEDB experimental Raman,experimental_raman_index,https://oedb.jp,10.1038/s41524-026-02093-y,2026-05-11,Li,TFSI,DMSO,1.5
exp-1160,,OEDB experimental Raman,experimental_raman_index,https://oedb.jp,10.1038/s41524-026-02093-y,2026-05-11,Li,TFSI,DMSO,1.75
exp-1161,3596.0,OEDB experimental Raman,experimental_raman_index,https://oedb.jp,10.1038/s41524-026-02093-y,2026-05-11,Li,TFSI,DMSO,2.0
exp-1162,,OEDB experimental Raman,experimental_raman_index,https://oedb.jp,10.1038/s41524-026-02093-y,2026-05-11,Li,TFSI,DMSO,2.25
exp-1163,3597.0,OEDB experimental Raman,experimental_raman_index,https://oedb.jp,10.1038/s41524-026-02093-y,2026-05-11,Li,TFSI,DMSO,2.5
exp-1164,,OEDB experimental Raman,experimental_raman_index,https://oedb.jp,10.1038/s41524-026-02093-y,2026-05-11,Li,TFSI,DMSO,2.75
exp-1165,3598.0,OEDB experimental Raman,experimental_raman_index,https://oedb.jp,10.1038/s41524-026-02093-y,2026-05-11,Li,TFSI,DMSO,3.0
exp-1166,,OEDB experimental Raman,experimental_raman_index,https://oedb.jp,10.1038/s41524-026-02093-y,2026-05-11,Li,TFSI,DMSO,3.25
exp-1167,3599.0,OEDB experimental Raman,experimental_raman_index,https://oedb.jp,10.1038/s41524-026-02093-y,2026-05-11,Li,TFSI,DMSO,3.5
exp-1168,,OEDB experimental Raman,experimental_raman_index,https://oedb.jp,10.1038/s41524-026-02093-y,2026-05-11,Li,TFSI,DOL,0.25
exp-1169,,OEDB experimental Raman,experimental_raman_index,https://oedb.jp,10.1038/s41524-026-02093-y,2026-05-11,Li,TFSI,DOL,0.5
exp-1170,,OEDB experimental Raman,experimental_raman_index,https://oedb.jp,10.1038/s41524-026-02093-y,2026-05-11,Li,TFSI,DOL,0.75
exp-1171,,OEDB experimental Raman,experimental_raman_index,https://oedb.jp,10.1038/s41524-026-02093-y,2026-05-11,Li,TFSI,DOL,1.0
exp-1172,,OEDB experimental Raman,experimental_raman_index,https://oedb.jp,10.1038/s41524-026-02093-y,2026-05-11,Li,TFSI,DOL,1.25
exp-1173,,OEDB experimental Raman,experimental_raman_index,https://oedb.jp,10.1038/s41524-026-02093-y,2026-05-11,Li,TFSI,DOL,1.5
exp-1174,,OEDB experimental Raman,experimental_raman_index,https://oedb.jp,10.1038/s41524-026-02093-y,2026-05-11,Li,TFSI,DOL,1.75
exp-1175,,OEDB experimental Raman,experimental_raman_index,https://oedb.jp,10.1038/s41524-026-02093-y,2026-05-11,Li,TFSI,DOL,2.0
exp-1176,,OEDB experimental Raman,experimental_raman_index,https://oedb.jp,10.1038/s41524-026-02093-y,2026-05-11,Li,TFSI,DOL,2.25
exp-1177,,OEDB experimental Raman,experimental_raman_index,https://oedb.jp,10.1038/s41524-026-02093-y,2026-05-11,Li,TFSI,DOL,2.5
exp-1178,,OEDB experimental Raman,experimental_raman_index,https://oedb.jp,10.1038/s41524-026-02093-y,2026-05-11,Li,TFSI,DOL,2.75
exp-1179,,OEDB experimental Raman,experimental_raman_index,https://oedb.jp,10.1038/s41524-026-02093-y,2026-05-11,Li,TFSI,DOL,3.0
exp-1180,,OEDB experimental Raman,experimental_raman_index,https://oedb.jp,10.1038/s41524-026-02093-y,2026-05-11,Li,TFSI,DOL,3.25
exp-1181,,OEDB experimental Raman,experimental_raman_index,https://oedb.jp,10.1038/s41524-026-02093-y,2026-05-11,Li,TFSI,DOL,3.5
exp-1182,,OEDB experimental Raman,experimental_raman_index,https://oedb.jp,10.1038/s41524-026-02093-y,2026-05-11,Li,TFSI,EA,0.25
exp-1183,3601.0,OEDB experimental Raman,experimental_raman_index,https://oedb.jp,10.1038/s41524-026-02093-y,2026-05-11,Li,TFSI,EA,0.5
exp-1184,,OEDB experimental Raman,experimental_raman_index,https://oedb.jp,10.1038/s41524-026-02093-y,2026-05-11,Li,TFSI,EA,0.75
exp-1185,3602.0,OEDB experimental Raman,experimental_raman_index,https://oedb.jp,10.1038/s41524-026-02093-y,2026-05-11,Li,TFSI,EA,1.0
exp-1186,,OEDB experimental Raman,experimental_raman_index,https://oedb.jp,10.1038/s41524-026-02093-y,2026-05-11,Li,TFSI,EA,1.25
exp-1187,3603.0,OEDB experimental Raman,experimental_raman_index,https://oedb.jp,10.1038/s41524-026-02093-y,2026-05-11,Li,TFSI,EA,1.5
exp-1188,,OEDB experimental Raman,experimental_raman_index,https://oedb.jp,10.1038/s41524-026-02093-y,2026-05-11,Li,TFSI,EA,1.75
exp-1189,3604.0,OEDB experimental Raman,experimental_raman_index,https://oedb.jp,10.1038/s41524-026-02093-y,2026-05-11,Li,TFSI,EA,2.0
exp-1190,,OEDB experimental Raman,experimental_raman_index,https://oedb.jp,10.1038/s41524-026-02093-y,2026-05-11,Li,TFSI,EA,2.25
exp-1191,3605.0,OEDB experimental Raman,experimental_raman_index,https://oedb.jp,10.1038/s41524-026-02093-y,2026-05-11,Li,TFSI,EA,2.5
exp-1192,,OEDB experimental Raman,experimental_raman_index,https://oedb.jp,10.1038/s41524-026-02093-y,2026-05-11,Li,TFSI,EA,2.75
exp-1193,3606.0,OEDB experimental Raman,experimental_raman_index,https://oedb.jp,10.1038/s41524-026-02093-y,2026-05-11,Li,TFSI,EA,3.0
exp-1194,,OEDB experimental Raman,experimental_raman_index,https://oedb.jp,10.1038/s41524-026-02093-y,2026-05-11,Li,TFSI,EA,3.25
exp-1195,3607.0,OEDB experimental Raman,experimental_raman_index,https://oedb.jp,10.1038/s41524-026-02093-y,2026-05-11,Li,TFSI,EA,3.5
exp-1196,3617.0,OEDB experimental Raman,experimental_raman_index,https://oedb.jp,10.1038/s41524-026-02093-y,2026-05-11,Li,TFSI,EC,0.5
exp-1197,,OEDB experimental Raman,experimental_raman_index,https://oedb.jp,10.1038/s41524-026-02093-y,2026-05-11,Li,TFSI,EC,0.75
exp-1198,3618.0,OEDB experimental Raman,experimental_raman_index,https://oedb.jp,10.1038/s41524-026-02093-y,2026-05-11,Li,TFSI,EC,1.0
exp-1199,,OEDB experimental Raman,experimental_raman_index,https://oedb.jp,10.1038/s41524-026-02093-y,2026-05-11,Li,TFSI,EC,1.25
exp-1200,3619.0,OEDB experimental Raman,experimental_raman_index,https://oedb.jp,10.1038/s41524-026-02093-y,2026-05-11,Li,TFSI,EC,1.5
exp-1201,,OEDB experimental Raman,experimental_raman_index,https://oedb.jp,10.1038/s41524-026-02093-y,2026-05-11,Li,TFSI,EC,1.75
exp-1202,3620.0,OEDB experimental Raman,experimental_raman_index,https://oedb.jp,10.1038/s41524-026-02093-y,2026-05-11,Li,TFSI,EC,2.0
exp-1203,,OEDB experimental Raman,experimental_raman_index,https://oedb.jp,10.1038/s41524-026-02093-y,2026-05-11,Li,TFSI,EC,2.25
exp-1204,,OEDB experimental Raman,experimental_raman_index,https://oedb.jp,10.1038/s41524-026-02093-y,2026-05-11,Li,TFSI,EMC,0.25
exp-1205,3625.0,OEDB experimental Raman,experimental_raman_index,https://oedb.jp,10.1038/s41524-026-02093-y,2026-05-11,Li,TFSI,EMC,0.5
exp-1206,,OEDB experimental Raman,experimental_raman_index,https://oedb.jp,10.1038/s41524-026-02093-y,2026-05-11,Li,TFSI,EMC,0.75
exp-1207,3626.0,OEDB experimental Raman,experimental_raman_index,https://oedb.jp,10.1038/s41524-026-02093-y,2026-05-11,Li,TFSI,EMC,1.0
exp-1208,,OEDB experimental Raman,experimental_raman_index,https://oedb.jp,10.1038/s41524-026-02093-y,2026-05-11,Li,TFSI,EMC,1.25
exp-1209,3627.0,OEDB experimental Raman,experimental_raman_index,https://oedb.jp,10.1038/s41524-026-02093-y,2026-05-11,Li,TFSI,EMC,1.5
exp-1210,,OEDB experimental Raman,experimental_raman_index,https://oedb.jp,10.1038/s41524-026-02093-y,2026-05-11,Li,TFSI,EMC,1.75
exp-1211,3628.0,OEDB experimental Raman,experimental_raman_index,https://oedb.jp,10.1038/s41524-026-02093-y,2026-05-11,Li,TFSI,EMC,2.0
exp-1212,,OEDB experimental Raman,experimental_raman_index,https://oedb.jp,10.1038/s41524-026-02093-y,2026-05-11,Li,TFSI,EMC,2.25
exp-1213,3629.0,OEDB experimental Raman,experimental_raman_index,https://oedb.jp,10.1038/s41524-026-02093-y,2026-05-11,Li,TFSI,EMC,2.5
exp-1214,,OEDB experimental Raman,experimental_raman_index,https://oedb.jp,10.1038/s41524-026-02093-y,2026-05-11,Li,TFSI,EMC,2.75
exp-1215,3630.0,OEDB experimental Raman,experimental_raman_index,https://oedb.jp,10.1038/s41524-026-02093-y,2026-05-11,Li,TFSI,EMC,3.0
exp-1216,,OEDB experimental Raman,experimental_raman_index,https://oedb.jp,10.1038/s41524-026-02093-y,2026-05-11,Li,TFSI,EMC,3.25
exp-1217,3631.0,OEDB experimental Raman,experimental_raman_index,https://oedb.jp,10.1038/s41524-026-02093-y,2026-05-11,Li,TFSI,EMC,3.5
exp-1218,,OEDB experimental Raman,experimental_raman_index,https://oedb.jp,10.1038/s41524-026-02093-y,2026-05-11,Li,TFSI,EMS,0.5
exp-1219,,OEDB experimental Raman,experimental_raman_index,https://oedb.jp,10.1038/s41524-026-02093-y,2026-05-11,Li,TFSI,EMS,0.75
exp-1220,,OEDB experimental Raman,experimental_raman_index,https://oedb.jp,10.1038/s41524-026-02093-y,2026-05-11,Li,TFSI,EMS,1.0
exp-1221,,OEDB experimental Raman,experimental_raman_index,https://oedb.jp,10.1038/s41524-026-02093-y,2026-05-11,Li,TFSI,EMS,1.25
exp-1222,,OEDB experimental Raman,experimental_raman_index,https://oedb.jp,10.1038/s41524-026-02093-y,2026-05-11,Li,TFSI,EMS,1.5
exp-1223,,OEDB experimental Raman,experimental_raman_index,https://oedb.jp,10.1038/s41524-026-02093-y,2026-05-11,Li,TFSI,EMS,1.75
exp-1224,,OEDB experimental Raman,experimental_raman_index,https://oedb.jp,10.1038/s41524-026-02093-y,2026-05-11,Li,TFSI,EiPS,0.25
exp-1225,,OEDB experimental Raman,experimental_raman_index,https://oedb.jp,10.1038/s41524-026-02093-y,2026-05-11,Li,TFSI,EiPS,0.5
exp-1226,,OEDB experimental Raman,experimental_raman_index,https://oedb.jp,10.1038/s41524-026-02093-y,2026-05-11,Li,TFSI,EiPS,0.75
exp-1227,,OEDB experimental Raman,experimental_raman_index,https://oedb.jp,10.1038/s41524-026-02093-y,2026-05-11,Li,TFSI,EiPS,1.0
exp-1228,,OEDB experimental Raman,experimental_raman_index,https://oedb.jp,10.1038/s41524-026-02093-y,2026-05-11,Li,TFSI,FEC,0.25
exp-1229,3657.0,OEDB experimental Raman,experimental_raman_index,https://oedb.jp,10.1038/s41524-026-02093-y,2026-05-11,Li,TFSI,FEC,0.5
exp-1230,,OEDB experimental Raman,experimental_raman_index,https://oedb.jp,10.1038/s41524-026-02093-y,2026-05-11,Li,TFSI,FEC,0.75
exp-1231,3658.0,OEDB experimental Raman,experimental_raman_index,https://oedb.jp,10.1038/s41524-026-02093-y,2026-05-11,Li,TFSI,FEC,1.0
exp-1232,,OEDB experimental Raman,experimental_raman_index,https://oedb.jp,10.1038/s41524-026-02093-y,2026-05-11,Li,TFSI,FEC,1.25
exp-1233,3659.0,OEDB experimental Raman,experimental_raman_index,https://oedb.jp,10.1038/s41524-026-02093-y,2026-05-11,Li,TFSI,FEC,1.5
exp-1234,,OEDB experimental Raman,experimental_raman_index,https://oedb.jp,10.1038/s41524-026-02093-y,2026-05-11,Li,TFSI,FEC,1.75
exp-1235,3660.0,OEDB experimental Raman,experimental_raman_index,https://oedb.jp,10.1038/s41524-026-02093-y,2026-05-11,Li,TFSI,FEC,2.0
exp-1236,,OEDB experimental Raman,experimental_raman_index,https://oedb.jp,10.1038/s41524-026-02093-y,2026-05-11,Li,TFSI,FEC,2.25
exp-1237,3661.0,OEDB experimental Raman,experimental_raman_index,https://oedb.jp,10.1038/s41524-026-02093-y,2026-05-11,Li,TFSI,FEC,2.5
exp-1238,,OEDB experimental Raman,experimental_raman_index,https://oedb.jp,10.1038/s41524-026-02093-y,2026-05-11,Li,TFSI,FEMC,0.25
exp-1239,3665.0,OEDB experimental Raman,experimental_raman_index,https://oedb.jp,10.1038/s41524-026-02093-y,2026-05-11,Li,TFSI,FEMC,0.5
exp-1240,,OEDB experimental Raman,experimental_raman_index,https://oedb.jp,10.1038/s41524-026-02093-y,2026-05-11,Li,TFSI,FEMC,0.75
exp-1241,3666.0,OEDB experimental Raman,experimental_raman_index,https://oedb.jp,10.1038/s41524-026-02093-y,2026-05-11,Li,TFSI,FEMC,1.0
exp-1242,,OEDB experimental Raman,experimental_raman_index,https://oedb.jp,10.1038/s41524-026-02093-y,2026-05-11,Li,TFSI,FEMC,1.25
exp-1243,3667.0,OEDB experimental Raman,experimental_raman_index,https://oedb.jp,10.1038/s41524-026-02093-y,2026-05-11,Li,TFSI,FEMC,1.5
exp-1244,,OEDB experimental Raman,experimental_raman_index,https://oedb.jp,10.1038/s41524-026-02093-y,2026-05-11,Li,TFSI,FEMC,1.75
exp-1245,3668.0,OEDB experimental Raman,experimental_raman_index,https://oedb.jp,10.1038/s41524-026-02093-y,2026-05-11,Li,TFSI,FEMC,2.0
exp-1246,,OEDB experimental Raman,experimental_raman_index,https://oedb.jp,10.1038/s41524-026-02093-y,2026-05-11,Li,TFSI,FEMC,2.25
exp-1247,3669.0,OEDB experimental Raman,experimental_raman_index,https://oedb.jp,10.1038/s41524-026-02093-y,2026-05-11,Li,TFSI,FEMC,2.5
exp-1248,,OEDB experimental Raman,experimental_raman_index,https://oedb.jp,10.1038/s41524-026-02093-y,2026-05-11,Li,TFSI,G2,0.25
exp-1249,,OEDB experimental Raman,experimental_raman_index,https://oedb.jp,10.1038/s41524-026-02093-y,2026-05-11,Li,TFSI,G2,0.5
exp-1250,,OEDB experimental Raman,experimental_raman_index,https://oedb.jp,10.1038/s41524-026-02093-y,2026-05-11,Li,TFSI,G2,0.75
exp-1251,,OEDB experimental Raman,experimental_raman_index,https://oedb.jp,10.1038/s41524-026-02093-y,2026-05-11,Li,TFSI,G2,1.0
exp-1252,,OEDB experimental Raman,experimental_raman_index,https://oedb.jp,10.1038/s41524-026-02093-y,2026-05-11,Li,TFSI,G2,1.25
exp-1253,,OEDB experimental Raman,experimental_raman_index,https://oedb.jp,10.1038/s41524-026-02093-y,2026-05-11,Li,TFSI,G2,1.5
exp-1254,,OEDB experimental Raman,experimental_raman_index,https://oedb.jp,10.1038/s41524-026-02093-y,2026-05-11,Li,TFSI,G2,1.75
exp-1255,,OEDB experimental Raman,experimental_raman_index,https://oedb.jp,10.1038/s41524-026-02093-y,2026-05-11,Li,TFSI,G3,0.25
exp-1256,,OEDB experimental Raman,experimental_raman_index,https://oedb.jp,10.1038/s41524-026-02093-y,2026-05-11,Li,TFSI,G3,0.5
exp-1257,,OEDB experimental Raman,experimental_raman_index,https://oedb.jp,10.1038/s41524-026-02093-y,2026-05-11,Li,TFSI,G3,0.75
exp-1258,,OEDB experimental Raman,experimental_raman_index,https://oedb.jp,10.1038/s41524-026-02093-y,2026-05-11,Li,TFSI,G3,1.0
exp-1259,,OEDB experimental Raman,experimental_raman_index,https://oedb.jp,10.1038/s41524-026-02093-y,2026-05-11,Li,TFSI,G3,1.25
exp-1260,,OEDB experimental Raman,experimental_raman_index,https://oedb.jp,10.1038/s41524-026-02093-y,2026-05-11,Li,TFSI,G3,1.5
exp-1261,,OEDB experimental Raman,experimental_raman_index,https://oedb.jp,10.1038/s41524-026-02093-y,2026-05-11,Li,TFSI,G3,1.75
exp-1262,,OEDB experimental Raman,experimental_raman_index,https://oedb.jp,10.1038/s41524-026-02093-y,2026-05-11,Li,TFSI,G3,2.0
exp-1263,,OEDB experimental Raman,experimental_raman_index,https://oedb.jp,10.1038/s41524-026-02093-y,2026-05-11,Li,TFSI,G3,2.25
exp-1264,,OEDB experimental Raman,experimental_raman_index,https://oedb.jp,10.1038/s41524-026-02093-y,2026-05-11,Li,TFSI,G3,2.5
exp-1265,,OEDB experimental Raman,experimental_raman_index,https://oedb.jp,10.1038/s41524-026-02093-y,2026-05-11,Li,TFSI,G3,2.75
exp-1266,,OEDB experimental Raman,experimental_raman_index,https://oedb.jp,10.1038/s41524-026-02093-y,2026-05-11,Li,TFSI,G3,3.0
exp-1267,,OEDB experimental Raman,experimental_raman_index,https://oedb.jp,10.1038/s41524-026-02093-y,2026-05-11,Li,TFSI,G3,3.25
exp-1268,,OEDB experimental Raman,experimental_raman_index,https://oedb.jp,10.1038/s41524-026-02093-y,2026-05-11,Li,TFSI,G3,3.5
exp-1269,,OEDB experimental Raman,experimental_raman_index,https://oedb.jp,10.1038/s41524-026-02093-y,2026-05-11,Li,TFSI,GBL,0.25
exp-1270,3673.0,OEDB experimental Raman,experimental_raman_index,https://oedb.jp,10.1038/s41524-026-02093-y,2026-05-11,Li,TFSI,GBL,0.5
exp-1271,,OEDB experimental Raman,experimental_raman_index,https://oedb.jp,10.1038/s41524-026-02093-y,2026-05-11,Li,TFSI,GBL,0.75
exp-1272,3674.0,OEDB experimental Raman,experimental_raman_index,https://oedb.jp,10.1038/s41524-026-02093-y,2026-05-11,Li,TFSI,GBL,1.0
exp-1273,,OEDB experimental Raman,experimental_raman_index,https://oedb.jp,10.1038/s41524-026-02093-y,2026-05-11,Li,TFSI,GBL,1.25
exp-1274,3675.0,OEDB experimental Raman,experimental_raman_index,https://oedb.jp,10.1038/s41524-026-02093-y,2026-05-11,Li,TFSI,GBL,1.5
exp-1275,,OEDB experimental Raman,experimental_raman_index,https://oedb.jp,10.1038/s41524-026-02093-y,2026-05-11,Li,TFSI,GBL,1.75
exp-1276,3676.0,OEDB experimental Raman,experimental_raman_index,https://oedb.jp,10.1038/s41524-026-02093-y,2026-05-11,Li,TFSI,GBL,2.0
exp-1277,,OEDB experimental Raman,experimental_raman_index,https://oedb.jp,10.1038/s41524-026-02093-y,2026-05-11,Li,TFSI,GBL,2.25
exp-1278,3677.0,OEDB experimental Raman,experimental_raman_index,https://oedb.jp,10.1038/s41524-026-02093-y,2026-05-11,Li,TFSI,GBL,2.5
exp-1279,,OEDB experimental Raman,experimental_raman_index,https://oedb.jp,10.1038/s41524-026-02093-y,2026-05-11,Li,TFSI,GBL,2.75
exp-1280,3678.0,OEDB experimental Raman,experimental_raman_index,https://oedb.jp,10.1038/s41524-026-02093-y,2026-05-11,Li,TFSI,GBL,3.0
exp-1281,,OEDB experimental Raman,experimental_raman_index,https://oedb.jp,10.1038/s41524-026-02093-y,2026-05-11,Li,TFSI,GBL,3.25
exp-1282,3679.0,OEDB experimental Raman,experimental_raman_index,https://oedb.jp,10.1038/s41524-026-02093-y,2026-05-11,Li,TFSI,GBL,3.5
exp-1283,,OEDB experimental Raman,experimental_raman_index,https://oedb.jp,10.1038/s41524-026-02093-y,2026-05-11,Li,TFSI,GN,0.25
exp-1284,3681.0,OEDB experimental Raman,experimental_raman_index,https://oedb.jp,10.1038/s41524-026-02093-y,2026-05-11,Li,TFSI,GN,0.5
exp-1285,,OEDB experimental Raman,experimental_raman_index,https://oedb.jp,10.1038/s41524-026-02093-y,2026-05-11,Li,TFSI,GN,0.75
exp-1286,3682.0,OEDB experimental Raman,experimental_raman_index,https://oedb.jp,10.1038/s41524-026-02093-y,2026-05-11,Li,TFSI,GN,1.0
exp-1287,,OEDB experimental Raman,experimental_raman_index,https://oedb.jp,10.1038/s41524-026-02093-y,2026-05-11,Li,TFSI,GN,1.25
exp-1288,3683.0,OEDB experimental Raman,experimental_raman_index,https://oedb.jp,10.1038/s41524-026-02093-y,2026-05-11,Li,TFSI,GN,1.5
exp-1289,,OEDB experimental Raman,experimental_raman_index,https://oedb.jp,10.1038/s41524-026-02093-y,2026-05-11,Li,TFSI,GN,1.75
exp-1290,3684.0,OEDB experimental Raman,experimental_raman_index,https://oedb.jp,10.1038/s41524-026-02093-y,2026-05-11,Li,TFSI,GN,2.0
exp-1291,,OEDB experimental Raman,experimental_raman_index,https://oedb.jp,10.1038/s41524-026-02093-y,2026-05-11,Li,TFSI,GN,2.25
exp-1292,,OEDB experimental Raman,experimental_raman_index,https://oedb.jp,10.1038/s41524-026-02093-y,2026-05-11,Li,TFSI,MSL,0.25
exp-1293,,OEDB experimental Raman,experimental_raman_index,https://oedb.jp,10.1038/s41524-026-02093-y,2026-05-11,Li,TFSI,MSL,0.5
exp-1294,,OEDB experimental Raman,experimental_raman_index,https://oedb.jp,10.1038/s41524-026-02093-y,2026-05-11,Li,TFSI,MSL,0.75
exp-1295,,OEDB experimental Raman,experimental_raman_index,https://oedb.jp,10.1038/s41524-026-02093-y,2026-05-11,Li,TFSI,MSL,1.0
exp-1296,,OEDB experimental Raman,experimental_raman_index,https://oedb.jp,10.1038/s41524-026-02093-y,2026-05-11,Li,TFSI,PC,0.25
exp-1297,3713.0,OEDB experimental Raman,experimental_raman_index,https://oedb.jp,10.1038/s41524-026-02093-y,2026-05-11,Li,TFSI,PC,0.5
exp-1298,,OEDB experimental Raman,experimental_raman_index,https://oedb.jp,10.1038/s41524-026-02093-y,2026-05-11,Li,TFSI,PC,0.75
exp-1299,3714.0,OEDB experimental Raman,experimental_raman_index,https://oedb.jp,10.1038/s41524-026-02093-y,2026-05-11,Li,TFSI,PC,1.0
exp-1300,,OEDB experimental Raman,experimental_raman_index,https://oedb.jp,10.1038/s41524-026-02093-y,2026-05-11,Li,TFSI,PC,1.25
exp-1301,3715.0,OEDB experimental Raman,experimental_raman_index,https://oedb.jp,10.1038/s41524-026-02093-y,2026-05-11,Li,TFSI,PC,1.5
exp-1302,,OEDB experimental Raman,experimental_raman_index,https://oedb.jp,10.1038/s41524-026-02093-y,2026-05-11,Li,TFSI,PC,1.75
exp-1303,,OEDB experimental Raman,experimental_raman_index,https://oedb.jp,10.1038/s41524-026-02093-y,2026-05-11,Li,TFSI,SL,0.25
exp-1304,,OEDB experimental Raman,experimental_raman_index,https://oedb.jp,10.1038/s41524-026-02093-y,2026-05-11,Li,TFSI,SL,0.5
exp-1305,,OEDB experimental Raman,experimental_raman_index,https://oedb.jp,10.1038/s41524-026-02093-y,2026-05-11,Li,TFSI,SL,0.75
exp-1306,,OEDB experimental Raman,experimental_raman_index,https://oedb.jp,10.1038/s41524-026-02093-y,2026-05-11,Li,TFSI,SL,1.0
exp-1307,,OEDB experimental Raman,experimental_raman_index,https://oedb.jp,10.1038/s41524-026-02093-y,2026-05-11,Li,TFSI,TEP,0.25
exp-1308,3729.0,OEDB experimental Raman,experimental_raman_index,https://oedb.jp,10.1038/s41524-026-02093-y,2026-05-11,Li,TFSI,TEP,0.5
exp-1309,,OEDB experimental Raman,experimental_raman_index,https://oedb.jp,10.1038/s41524-026-02093-y,2026-05-11,Li,TFSI,TEP,0.75
exp-1310,3730.0,OEDB experimental Raman,experimental_raman_index,https://oedb.jp,10.1038/s41524-026-02093-y,2026-05-11,Li,TFSI,TEP,1.0
exp-1311,,OEDB experimental Raman,experimental_raman_index,https://oedb.jp,10.1038/s41524-026-02093-y,2026-05-11,Li,TFSI,TEP,1.25
exp-1312,3731.0,OEDB experimental Raman,experimental_raman_index,https://oedb.jp,10.1038/s41524-026-02093-y,2026-05-11,Li,TFSI,TEP,1.5
exp-1313,,OEDB experimental Raman,experimental_raman_index,https://oedb.jp,10.1038/s41524-026-02093-y,2026-05-11,Li,TFSI,TEP,1.75
exp-1314,3732.0,OEDB experimental Raman,experimental_raman_index,https://oedb.jp,10.1038/s41524-026-02093-y,2026-05-11,Li,TFSI,TEP,2.0
exp-1315,,OEDB experimental Raman,experimental_raman_index,https://oedb.jp,10.1038/s41524-026-02093-y,2026-05-11,Li,TFSI,TEP,2.25
exp-1316,,OEDB experimental Raman,experimental_raman_index,https://oedb.jp,10.1038/s41524-026-02093-y,2026-05-11,Li,TFSI,THF,0.25
exp-1317,,OEDB experimental Raman,experimental_raman_index,https://oedb.jp,10.1038/s41524-026-02093-y,2026-05-11,Li,TFSI,THF,0.5
exp-1318,,OEDB experimental Raman,experimental_raman_index,https://oedb.jp,10.1038/s41524-026-02093-y,2026-05-11,Li,TFSI,THF,0.75
exp-1319,,OEDB experimental Raman,experimental_raman_index,https://oedb.jp,10.1038/s41524-026-02093-y,2026-05-11,Li,TFSI,THF,1.0
exp-1320,,OEDB experimental Raman,experimental_raman_index,https://oedb.jp,10.1038/s41524-026-02093-y,2026-05-11,Li,TFSI,THF,1.25
exp-1321,,OEDB experimental Raman,experimental_raman_index,https://oedb.jp,10.1038/s41524-026-02093-y,2026-05-11,Li,TFSI,THF,1.5
exp-1322,,OEDB experimental Raman,experimental_raman_index,https://oedb.jp,10.1038/s41524-026-02093-y,2026-05-11,Li,TFSI,THF,1.75
exp-1323,,OEDB experimental Raman,experimental_raman_index,https://oedb.jp,10.1038/s41524-026-02093-y,2026-05-11,Li,TFSI,THF,2.0
exp-1324,,OEDB experimental Raman,experimental_raman_index,https://oedb.jp,10.1038/s41524-026-02093-y,2026-05-11,Li,TFSI,THF,2.25
exp-1325,,OEDB experimental Raman,experimental_raman_index,https://oedb.jp,10.1038/s41524-026-02093-y,2026-05-11,Li,TFSI,THF,2.5
exp-1326,,OEDB experimental Raman,experimental_raman_index,https://oedb.jp,10.1038/s41524-026-02093-y,2026-05-11,Li,TFSI,THF,2.75
exp-1327,,OEDB experimental Raman,experimental_raman_index,https://oedb.jp,10.1038/s41524-026-02093-y,2026-05-11,Li,TFSI,THF,3.0
exp-1328,,OEDB experimental Raman,experimental_raman_index,https://oedb.jp,10.1038/s41524-026-02093-y,2026-05-11,Li,TFSI,THF,3.0
exp-1329,,OEDB experimental Raman,experimental_raman_index,https://oedb.jp,10.1038/s41524-026-02093-y,2026-05-11,Li,TFSI,THF,3.25
exp-1330,,OEDB experimental Raman,experimental_raman_index,https://oedb.jp,10.1038/s41524-026-02093-y,2026-05-11,Li,TFSI,THF,3.5
exp-1331,,OEDB experimental Raman,experimental_raman_index,https://oedb.jp,10.1038/s41524-026-02093-y,2026-05-11,Li,TFSI,THP,0.25
exp-1332,,OEDB experimental Raman,experimental_raman_index,https://oedb.jp,10.1038/s41524-026-02093-y,2026-05-11,Li,TFSI,THP,0.5
exp-1333,,OEDB experimental Raman,experimental_raman_index,https://oedb.jp,10.1038/s41524-026-02093-y,2026-05-11,Li,TFSI,THP,0.75
exp-1334,,OEDB experimental Raman,experimental_raman_index,https://oedb.jp,10.1038/s41524-026-02093-y,2026-05-11,Li,TFSI,THP,1.0
exp-1335,,OEDB experimental Raman,experimental_raman_index,https://oedb.jp,10.1038/s41524-026-02093-y,2026-05-11,Li,TFSI,THP,1.25
exp-1336,,OEDB experimental Raman,experimental_raman_index,https://oedb.jp,10.1038/s41524-026-02093-y,2026-05-11,Li,TFSI,THP,1.5
exp-1337,,OEDB experimental Raman,experimental_raman_index,https://oedb.jp,10.1038/s41524-026-02093-y,2026-05-11,Li,TFSI,THP,1.75
exp-1338,,OEDB experimental Raman,experimental_raman_index,https://oedb.jp,10.1038/s41524-026-02093-y,2026-05-11,Li,TFSI,THP,2.0
exp-1339,,OEDB experimental Raman,experimental_raman_index,https://oedb.jp,10.1038/s41524-026-02093-y,2026-05-11,Li,TFSI,THP,2.25
exp-1340,,OEDB experimental Raman,experimental_raman_index,https://oedb.jp,10.1038/s41524-026-02093-y,2026-05-11,Li,TFSI,THP,2.5
exp-1341,,OEDB experimental Raman,experimental_raman_index,https://oedb.jp,10.1038/s41524-026-02093-y,2026-05-11,Li,TFSI,THP,2.75
exp-1342,,OEDB experimental Raman,experimental_raman_index,https://oedb.jp,10.1038/s41524-026-02093-y,2026-05-11,Li,TFSI,THP,3.0
exp-1343,,OEDB experimental Raman,experimental_raman_index,https://oedb.jp,10.1038/s41524-026-02093-y,2026-05-11,Li,TFSI,TMP,0.25
exp-1344,3737.0,OEDB experimental Raman,experimental_raman_index,https://oedb.jp,10.1038/s41524-026-02093-y,2026-05-11,Li,TFSI,TMP,0.5
exp-1345,,OEDB experimental Raman,experimental_raman_index,https://oedb.jp,10.1038/s41524-026-02093-y,2026-05-11,Li,TFSI,TMP,0.75
exp-1346,3738.0,OEDB experimental Raman,experimental_raman_index,https://oedb.jp,10.1038/s41524-026-02093-y,2026-05-11,Li,TFSI,TMP,1.0
exp-1347,,OEDB experimental Raman,experimental_raman_index,https://oedb.jp,10.1038/s41524-026-02093-y,2026-05-11,Li,TFSI,TMP,1.25
exp-1348,3739.0,OEDB experimental Raman,experimental_raman_index,https://oedb.jp,10.1038/s41524-026-02093-y,2026-05-11,Li,TFSI,TMP,1.5
exp-1349,,OEDB experimental Raman,experimental_raman_index,https://oedb.jp,10.1038/s41524-026-02093-y,2026-05-11,Li,TFSI,TMP,1.75
exp-1350,3740.0,OEDB experimental Raman,experimental_raman_index,https://oedb.jp,10.1038/s41524-026-02093-y,2026-05-11,Li,TFSI,TMP,2.0
exp-1351,3740.0,OEDB experimental Raman,experimental_raman_index,https://oedb.jp,10.1038/s41524-026-02093-y,2026-05-11,Li,TFSI,TMP,2.0
exp-1352,,OEDB experimental Raman,experimental_raman_index,https://oedb.jp,10.1038/s41524-026-02093-y,2026-05-11,Li,TFSI,TMP,2.25
exp-1353,,OEDB experimental Raman,experimental_raman_index,https://oedb.jp,10.1038/s41524-026-02093-y,2026-05-11,Li,TFSI,TMP,2.25
exp-1354,,OEDB experimental Raman,experimental_raman_index,https://oedb.jp,10.1038/s41524-026-02093-y,2026-05-11,Li,TfO,AN,0.25
exp-1355,,OEDB experimental Raman,experimental_raman_index,https://oedb.jp,10.1038/s41524-026-02093-y,2026-05-11,Li,TfO,AN,0.5
exp-1356,,OEDB experimental Raman,experimental_raman_index,https://oedb.jp,10.1038/s41524-026-02093-y,2026-05-11,Li,TfO,AN,0.75
exp-1357,,OEDB experimental Raman,experimental_raman_index,https://oedb.jp,10.1038/s41524-026-02093-y,2026-05-11,Li,TfO,AN,1.0
exp-1358,,OEDB experimental Raman,experimental_raman_index,https://oedb.jp,10.1038/s41524-026-02093-y,2026-05-11,Li,TfO,AN,1.25
exp-1359,,OEDB experimental Raman,experimental_raman_index,https://oedb.jp,10.1038/s41524-026-02093-y,2026-05-11,Li,TfO,Ac,0.25
exp-1360,,OEDB experimental Raman,experimental_raman_index,https://oedb.jp,10.1038/s41524-026-02093-y,2026-05-11,Li,TfO,Ac,0.5
exp-1361,,OEDB experimental Raman,experimental_raman_index,https://oedb.jp,10.1038/s41524-026-02093-y,2026-05-11,Li,TfO,Ac,0.75
exp-1362,,OEDB experimental Raman,experimental_raman_index,https://oedb.jp,10.1038/s41524-026-02093-y,2026-05-11,Li,TfO,Ac,1.0
exp-1363,,OEDB experimental Raman,experimental_raman_index,https://oedb.jp,10.1038/s41524-026-02093-y,2026-05-11,Li,TfO,Ac,1.25
exp-1364,,OEDB experimental Raman,experimental_raman_index,https://oedb.jp,10.1038/s41524-026-02093-y,2026-05-11,Li,TfO,Ac,1.5
exp-1365,,OEDB experimental Raman,experimental_raman_index,https://oedb.jp,10.1038/s41524-026-02093-y,2026-05-11,Li,TfO,Ac,1.75
exp-1366,,OEDB experimental Raman,experimental_raman_index,https://oedb.jp,10.1038/s41524-026-02093-y,2026-05-11,Li,TfO,Ac,2.0
exp-1367,,OEDB experimental Raman,experimental_raman_index,https://oedb.jp,10.1038/s41524-026-02093-y,2026-05-11,Li,TfO,Ac,2.25
exp-1368,,OEDB experimental Raman,experimental_raman_index,https://oedb.jp,10.1038/s41524-026-02093-y,2026-05-11,Li,TfO,Ac,2.5
exp-1369,,OEDB experimental Raman,experimental_raman_index,https://oedb.jp,10.1038/s41524-026-02093-y,2026-05-11,Li,TfO,Ac,2.75
exp-1370,,OEDB experimental Raman,experimental_raman_index,https://oedb.jp,10.1038/s41524-026-02093-y,2026-05-11,Li,TfO,Ac,3.0
exp-1371,,OEDB experimental Raman,experimental_raman_index,https://oedb.jp,10.1038/s41524-026-02093-y,2026-05-11,Li,TfO,Ac,3.25
exp-1372,,OEDB experimental Raman,experimental_raman_index,https://oedb.jp,10.1038/s41524-026-02093-y,2026-05-11,Li,TfO,Ac,3.5
exp-1373,,OEDB experimental Raman,experimental_raman_index,https://oedb.jp,10.1038/s41524-026-02093-y,2026-05-11,Li,TfO,DEE,0.25
exp-1374,,OEDB experimental Raman,experimental_raman_index,https://oedb.jp,10.1038/s41524-026-02093-y,2026-05-11,Li,TfO,DEE,0.5
exp-1375,,OEDB experimental Raman,experimental_raman_index,https://oedb.jp,10.1038/s41524-026-02093-y,2026-05-11,Li,TfO,DEE,0.75
exp-1376,,OEDB experimental Raman,experimental_raman_index,https://oedb.jp,10.1038/s41524-026-02093-y,2026-05-11,Li,TfO,DEE,1.0
exp-1377,,OEDB experimental Raman,experimental_raman_index,https://oedb.jp,10.1038/s41524-026-02093-y,2026-05-11,Li,TfO,DEE,1.25
exp-1378,,OEDB experimental Raman,experimental_raman_index,https://oedb.jp,10.1038/s41524-026-02093-y,2026-05-11,Li,TfO,DEE,1.5
exp-1379,,OEDB experimental Raman,experimental_raman_index,https://oedb.jp,10.1038/s41524-026-02093-y,2026-05-11,Li,TfO,DEE,1.75
exp-1380,,OEDB experimental Raman,experimental_raman_index,https://oedb.jp,10.1038/s41524-026-02093-y,2026-05-11,Li,TfO,DEE,2.0
exp-1381,,OEDB experimental Raman,experimental_raman_index,https://oedb.jp,10.1038/s41524-026-02093-y,2026-05-11,Li,TfO,DEE,2.25
exp-1382,,OEDB experimental Raman,experimental_raman_index,https://oedb.jp,10.1038/s41524-026-02093-y,2026-05-11,Li,TfO,DEE,2.5
exp-1383,,OEDB experimental Raman,experimental_raman_index,https://oedb.jp,10.1038/s41524-026-02093-y,2026-05-11,Li,TfO,DMC,0.25
exp-1384,,OEDB experimental Raman,experimental_raman_index,https://oedb.jp,10.1038/s41524-026-02093-y,2026-05-11,Li,TfO,DME,0.25
exp-1385,,OEDB experimental Raman,experimental_raman_index,https://oedb.jp,10.1038/s41524-026-02093-y,2026-05-11,Li,TfO,DME,0.5
exp-1386,,OEDB experimental Raman,experimental_raman_index,https://oedb.jp,10.1038/s41524-026-02093-y,2026-05-11,Li,TfO,DME,0.75
exp-1387,,OEDB experimental Raman,experimental_raman_index,https://oedb.jp,10.1038/s41524-026-02093-y,2026-05-11,Li,TfO,DME,1.0
exp-1388,,OEDB experimental Raman,experimental_raman_index,https://oedb.jp,10.1038/s41524-026-02093-y,2026-05-11,Li,TfO,DME,1.25
exp-1389,,OEDB experimental Raman,experimental_raman_index,https://oedb.jp,10.1038/s41524-026-02093-y,2026-05-11,Li,TfO,DME,1.5
exp-1390,,OEDB experimental Raman,experimental_raman_index,https://oedb.jp,10.1038/s41524-026-02093-y,2026-05-11,Li,TfO,DME,1.75
exp-1391,,OEDB experimental Raman,experimental_raman_index,https://oedb.jp,10.1038/s41524-026-02093-y,2026-05-11,Li,TfO,DME,2.0
exp-1392,,OEDB experimental Raman,experimental_raman_index,https://oedb.jp,10.1038/s41524-026-02093-y,2026-05-11,Li,TfO,DME,2.25
exp-1393,,OEDB experimental Raman,experimental_raman_index,https://oedb.jp,10.1038/s41524-026-02093-y,2026-05-11,Li,TfO,DME,2.5
exp-1394,,OEDB experimental Raman,experimental_raman_index,https://oedb.jp,10.1038/s41524-026-02093-y,2026-05-11,Li,TfO,DME,2.75
exp-1395,,OEDB experimental Raman,experimental_raman_index,https://oedb.jp,10.1038/s41524-026-02093-y,2026-05-11,Li,TfO,DME,3.0
exp-1396,,OEDB experimental Raman,experimental_raman_index,https://oedb.jp,10.1038/s41524-026-02093-y,2026-05-11,Li,TfO,DME,3.25
exp-1397,,OEDB experimental Raman,experimental_raman_index,https://oedb.jp,10.1038/s41524-026-02093-y,2026-05-11,Li,TfO,DME,3.5
exp-1398,,OEDB experimental Raman,experimental_raman_index,https://oedb.jp,10.1038/s41524-026-02093-y,2026-05-11,Li,TfO,DMSO,0.25
exp-1399,,OEDB experimental Raman,experimental_raman_index,https://oedb.jp,10.1038/s41524-026-02093-y,2026-05-11,Li,TfO,DMSO,0.5
exp-1400,,OEDB experimental Raman,experimental_raman_index,https://oedb.jp,10.1038/s41524-026-02093-y,2026-05-11,Li,TfO,DMSO,0.75
exp-1401,,OEDB experimental Raman,experimental_raman_index,https://oedb.jp,10.1038/s41524-026-02093-y,2026-05-11,Li,TfO,DMSO,1.0
exp-1402,,OEDB experimental Raman,experimental_raman_index,https://oedb.jp,10.1038/s41524-026-02093-y,2026-05-11,Li,TfO,DMSO,1.25
exp-1403,,OEDB experimental Raman,experimental_raman_index,https://oedb.jp,10.1038/s41524-026-02093-y,2026-05-11,Li,TfO,DMSO,1.5
exp-1404,,OEDB experimental Raman,experimental_raman_index,https://oedb.jp,10.1038/s41524-026-02093-y,2026-05-11,Li,TfO,DMSO,1.75
exp-1405,,OEDB experimental Raman,experimental_raman_index,https://oedb.jp,10.1038/s41524-026-02093-y,2026-05-11,Li,TfO,DMSO,2.0
exp-1406,,OEDB experimental Raman,experimental_raman_index,https://oedb.jp,10.1038/s41524-026-02093-y,2026-05-11,Li,TfO,DMSO,2.25
exp-1407,,OEDB experimental Raman,experimental_raman_index,https://oedb.jp,10.1038/s41524-026-02093-y,2026-05-11,Li,TfO,DMSO,2.5
exp-1408,,OEDB experimental Raman,experimental_raman_index,https://oedb.jp,10.1038/s41524-026-02093-y,2026-05-11,Li,TfO,DMSO,2.75
exp-1409,,OEDB experimental Raman,experimental_raman_index,https://oedb.jp,10.1038/s41524-026-02093-y,2026-05-11,Li,TfO,DMSO,3.0
exp-1410,,OEDB experimental Raman,experimental_raman_index,https://oedb.jp,10.1038/s41524-026-02093-y,2026-05-11,Li,TfO,DMSO,3.25
exp-1411,,OEDB experimental Raman,experimental_raman_index,https://oedb.jp,10.1038/s41524-026-02093-y,2026-05-11,Li,TfO,DOL,0.25
exp-1412,,OEDB experimental Raman,experimental_raman_index,https://oedb.jp,10.1038/s41524-026-02093-y,2026-05-11,Li,TfO,DOL,0.5
exp-1413,,OEDB experimental Raman,experimental_raman_index,https://oedb.jp,10.1038/s41524-026-02093-y,2026-05-11,Li,TfO,DOL,0.75
exp-1414,,OEDB experimental Raman,experimental_raman_index,https://oedb.jp,10.1038/s41524-026-02093-y,2026-05-11,Li,TfO,DOL,1.0
exp-1415,,OEDB experimental Raman,experimental_raman_index,https://oedb.jp,10.1038/s41524-026-02093-y,2026-05-11,Li,TfO,DOL,1.25
exp-1416,,OEDB experimental Raman,experimental_raman_index,https://oedb.jp,10.1038/s41524-026-02093-y,2026-05-11,Li,TfO,DOL,1.5
exp-1417,,OEDB experimental Raman,experimental_raman_index,https://oedb.jp,10.1038/s41524-026-02093-y,2026-05-11,Li,TfO,DOL,1.75
exp-1418,,OEDB experimental Raman,experimental_raman_index,https://oedb.jp,10.1038/s41524-026-02093-y,2026-05-11,Li,TfO,DOL,2.0
exp-1419,,OEDB experimental Raman,experimental_raman_index,https://oedb.jp,10.1038/s41524-026-02093-y,2026-05-11,Li,TfO,DOL,2.25
exp-1420,,OEDB experimental Raman,experimental_raman_index,https://oedb.jp,10.1038/s41524-026-02093-y,2026-05-11,Li,TfO,DOL,2.5
exp-1421,,OEDB experimental Raman,experimental_raman_index,https://oedb.jp,10.1038/s41524-026-02093-y,2026-05-11,Li,TfO,DOL,2.75
exp-1422,,OEDB experimental Raman,experimental_raman_index,https://oedb.jp,10.1038/s41524-026-02093-y,2026-05-11,Li,TfO,DOL,3.0
exp-1423,,OEDB experimental Raman,experimental_raman_index,https://oedb.jp,10.1038/s41524-026-02093-y,2026-05-11,Li,TfO,DOL,3.25
exp-1424,,OEDB experimental Raman,experimental_raman_index,https://oedb.jp,10.1038/s41524-026-02093-y,2026-05-11,Li,TfO,DOL,3.5
exp-1425,,OEDB experimental Raman,experimental_raman_index,https://oedb.jp,10.1038/s41524-026-02093-y,2026-05-11,Li,TfO,EA,0.25
exp-1426,,OEDB experimental Raman,experimental_raman_index,https://oedb.jp,10.1038/s41524-026-02093-y,2026-05-11,Li,TfO,EA,0.5
exp-1427,,OEDB experimental Raman,experimental_raman_index,https://oedb.jp,10.1038/s41524-026-02093-y,2026-05-11,Li,TfO,EA,0.75
exp-1428,,OEDB experimental Raman,experimental_raman_index,https://oedb.jp,10.1038/s41524-026-02093-y,2026-05-11,Li,TfO,EA,1.0
exp-1429,,OEDB experimental Raman,experimental_raman_index,https://oedb.jp,10.1038/s41524-026-02093-y,2026-05-11,Li,TfO,EA,1.25
exp-1430,,OEDB experimental Raman,experimental_raman_index,https://oedb.jp,10.1038/s41524-026-02093-y,2026-05-11,Li,TfO,EA,1.5
exp-1431,,OEDB experimental Raman,experimental_raman_index,https://oedb.jp,10.1038/s41524-026-02093-y,2026-05-11,Li,TfO,EA,1.75
exp-1432,,OEDB experimental Raman,experimental_raman_index,https://oedb.jp,10.1038/s41524-026-02093-y,2026-05-11,Li,TfO,EA,2.0
exp-1433,,OEDB experimental Raman,experimental_raman_index,https://oedb.jp,10.1038/s41524-026-02093-y,2026-05-11,Li,TfO,EA,2.25
exp-1434,,OEDB experimental Raman,experimental_raman_index,https://oedb.jp,10.1038/s41524-026-02093-y,2026-05-11,Li,TfO,EA,2.5
exp-1435,,OEDB experimental Raman,experimental_raman_index,https://oedb.jp,10.1038/s41524-026-02093-y,2026-05-11,Li,TfO,EA,2.75
exp-1436,,OEDB experimental Raman,experimental_raman_index,https://oedb.jp,10.1038/s41524-026-02093-y,2026-05-11,Li,TfO,EA,3.0
exp-1437,,OEDB experimental Raman,experimental_raman_index,https://oedb.jp,10.1038/s41524-026-02093-y,2026-05-11,Li,TfO,EA,3.25
exp-1438,,OEDB experimental Raman,experimental_raman_index,https://oedb.jp,10.1038/s41524-026-02093-y,2026-05-11,Li,TfO,EA,3.5
exp-1439,,OEDB experimental Raman,experimental_raman_index,https://oedb.jp,10.1038/s41524-026-02093-y,2026-05-11,Li,TfO,EC,0.75
exp-1440,,OEDB experimental Raman,experimental_raman_index,https://oedb.jp,10.1038/s41524-026-02093-y,2026-05-11,Li,TfO,EC,1.0
exp-1441,,OEDB experimental Raman,experimental_raman_index,https://oedb.jp,10.1038/s41524-026-02093-y,2026-05-11,Li,TfO,EC,1.25
exp-1442,,OEDB experimental Raman,experimental_raman_index,https://oedb.jp,10.1038/s41524-026-02093-y,2026-05-11,Li,TfO,EC,1.5
exp-1443,,OEDB experimental Raman,experimental_raman_index,https://oedb.jp,10.1038/s41524-026-02093-y,2026-05-11,Li,TfO,EMC,0.25
exp-1444,,OEDB experimental Raman,experimental_raman_index,https://oedb.jp,10.1038/s41524-026-02093-y,2026-05-11,Li,TfO,EMC,0.5
exp-1445,,OEDB experimental Raman,experimental_raman_index,https://oedb.jp,10.1038/s41524-026-02093-y,2026-05-11,Li,TfO,EMC,0.75
exp-1446,,OEDB experimental Raman,experimental_raman_index,https://oedb.jp,10.1038/s41524-026-02093-y,2026-05-11,Li,TfO,EMS,1.0
exp-1447,,OEDB experimental Raman,experimental_raman_index,https://oedb.jp,10.1038/s41524-026-02093-y,2026-05-11,Li,TfO,EMS,1.25
exp-1448,,OEDB experimental Raman,experimental_raman_index,https://oedb.jp,10.1038/s41524-026-02093-y,2026-05-11,Li,TfO,EMS,1.5
exp-1449,,OEDB experimental Raman,experimental_raman_index,https://oedb.jp,10.1038/s41524-026-02093-y,2026-05-11,Li,TfO,EMS,1.75
exp-1450,,OEDB experimental Raman,experimental_raman_index,https://oedb.jp,10.1038/s41524-026-02093-y,2026-05-11,Li,TfO,EMS,2.0
exp-1451,,OEDB experimental Raman,experimental_raman_index,https://oedb.jp,10.1038/s41524-026-02093-y,2026-05-11,Li,TfO,EMS,2.5
exp-1452,,OEDB experimental Raman,experimental_raman_index,https://oedb.jp,10.1038/s41524-026-02093-y,2026-05-11,Li,TfO,EiPS,0.25
exp-1453,,OEDB experimental Raman,experimental_raman_index,https://oedb.jp,10.1038/s41524-026-02093-y,2026-05-11,Li,TfO,EiPS,0.5
exp-1454,,OEDB experimental Raman,experimental_raman_index,https://oedb.jp,10.1038/s41524-026-02093-y,2026-05-11,Li,TfO,FEC,0.25
exp-1455,,OEDB experimental Raman,experimental_raman_index,https://oedb.jp,10.1038/s41524-026-02093-y,2026-05-11,Li,TfO,FEC,0.5
exp-1456,,OEDB experimental Raman,experimental_raman_index,https://oedb.jp,10.1038/s41524-026-02093-y,2026-05-11,Li,TfO,FEC,0.75
exp-1457,,OEDB experimental Raman,experimental_raman_index,https://oedb.jp,10.1038/s41524-026-02093-y,2026-05-11,Li,TfO,FEC,1.0
exp-1458,,OEDB experimental Raman,experimental_raman_index,https://oedb.jp,10.1038/s41524-026-02093-y,2026-05-11,Li,TfO,G2,0.25
exp-1459,,OEDB experimental Raman,experimental_raman_index,https://oedb.jp,10.1038/s41524-026-02093-y,2026-05-11,Li,TfO,G2,0.5
exp-1460,,OEDB experimental Raman,experimental_raman_index,https://oedb.jp,10.1038/s41524-026-02093-y,2026-05-11,Li,TfO,G2,0.75
exp-1461,,OEDB experimental Raman,experimental_raman_index,https://oedb.jp,10.1038/s41524-026-02093-y,2026-05-11,Li,TfO,G2,1.0
exp-1462,,OEDB experimental Raman,experimental_raman_index,https://oedb.jp,10.1038/s41524-026-02093-y,2026-05-11,Li,TfO,G2,1.25
exp-1463,,OEDB experimental Raman,experimental_raman_index,https://oedb.jp,10.1038/s41524-026-02093-y,2026-05-11,Li,TfO,G2,1.5
exp-1464,,OEDB experimental Raman,experimental_raman_index,https://oedb.jp,10.1038/s41524-026-02093-y,2026-05-11,Li,TfO,G2,1.75
exp-1465,,OEDB experimental Raman,experimental_raman_index,https://oedb.jp,10.1038/s41524-026-02093-y,2026-05-11,Li,TfO,G2,2.0
exp-1466,,OEDB experimental Raman,experimental_raman_index,https://oedb.jp,10.1038/s41524-026-02093-y,2026-05-11,Li,TfO,G2,2.25
exp-1467,,OEDB experimental Raman,experimental_raman_index,https://oedb.jp,10.1038/s41524-026-02093-y,2026-05-11,Li,TfO,G2,2.5
exp-1468,,OEDB experimental Raman,experimental_raman_index,https://oedb.jp,10.1038/s41524-026-02093-y,2026-05-11,Li,TfO,G2,2.75
exp-1469,,OEDB experimental Raman,experimental_raman_index,https://oedb.jp,10.1038/s41524-026-02093-y,2026-05-11,Li,TfO,G2,3.0
exp-1470,,OEDB experimental Raman,experimental_raman_index,https://oedb.jp,10.1038/s41524-026-02093-y,2026-05-11,Li,TfO,G2,3.25
exp-1471,,OEDB experimental Raman,experimental_raman_index,https://oedb.jp,10.1038/s41524-026-02093-y,2026-05-11,Li,TfO,G2,3.5
exp-1472,,OEDB experimental Raman,experimental_raman_index,https://oedb.jp,10.1038/s41524-026-02093-y,2026-05-11,Li,TfO,G3,0.25
exp-1473,,OEDB experimental Raman,experimental_raman_index,https://oedb.jp,10.1038/s41524-026-02093-y,2026-05-11,Li,TfO,G3,0.5
exp-1474,,OEDB experimental Raman,experimental_raman_index,https://oedb.jp,10.1038/s41524-026-02093-y,2026-05-11,Li,TfO,G3,0.75
exp-1475,,OEDB experimental Raman,experimental_raman_index,https://oedb.jp,10.1038/s41524-026-02093-y,2026-05-11,Li,TfO,G3,1.0
exp-1476,,OEDB experimental Raman,experimental_raman_index,https://oedb.jp,10.1038/s41524-026-02093-y,2026-05-11,Li,TfO,G3,1.25
exp-1477,,OEDB experimental Raman,experimental_raman_index,https://oedb.jp,10.1038/s41524-026-02093-y,2026-05-11,Li,TfO,G3,1.5
exp-1478,,OEDB experimental Raman,experimental_raman_index,https://oedb.jp,10.1038/s41524-026-02093-y,2026-05-11,Li,TfO,G3,1.75
exp-1479,,OEDB experimental Raman,experimental_raman_index,https://oedb.jp,10.1038/s41524-026-02093-y,2026-05-11,Li,TfO,G3,2.0
exp-1480,,OEDB experimental Raman,experimental_raman_index,https://oedb.jp,10.1038/s41524-026-02093-y,2026-05-11,Li,TfO,G3,2.25
exp-1481,,OEDB experimental Raman,experimental_raman_index,https://oedb.jp,10.1038/s41524-026-02093-y,2026-05-11,Li,TfO,G3,2.5
exp-1482,,OEDB experimental Raman,experimental_raman_index,https://oedb.jp,10.1038/s41524-026-02093-y,2026-05-11,Li,TfO,G3,2.75
exp-1483,,OEDB experimental Raman,experimental_raman_index,https://oedb.jp,10.1038/s41524-026-02093-y,2026-05-11,Li,TfO,G3,3.0
exp-1484,,OEDB experimental Raman,experimental_raman_index,https://oedb.jp,10.1038/s41524-026-02093-y,2026-05-11,Li,TfO,G3,3.25
exp-1485,,OEDB experimental Raman,experimental_raman_index,https://oedb.jp,10.1038/s41524-026-02093-y,2026-05-11,Li,TfO,G3,3.5
exp-1486,,OEDB experimental Raman,experimental_raman_index,https://oedb.jp,10.1038/s41524-026-02093-y,2026-05-11,Li,TfO,GBL,0.25
exp-1487,,OEDB experimental Raman,experimental_raman_index,https://oedb.jp,10.1038/s41524-026-02093-y,2026-05-11,Li,TfO,GBL,0.5
exp-1488,,OEDB experimental Raman,experimental_raman_index,https://oedb.jp,10.1038/s41524-026-02093-y,2026-05-11,Li,TfO,GBL,0.75
exp-1489,,OEDB experimental Raman,experimental_raman_index,https://oedb.jp,10.1038/s41524-026-02093-y,2026-05-11,Li,TfO,GBL,1.0
exp-1490,,OEDB experimental Raman,experimental_raman_index,https://oedb.jp,10.1038/s41524-026-02093-y,2026-05-11,Li,TfO,GBL,1.25
exp-1491,,OEDB experimental Raman,experimental_raman_index,https://oedb.jp,10.1038/s41524-026-02093-y,2026-05-11,Li,TfO,GBL,1.5
exp-1492,,OEDB experimental Raman,experimental_raman_index,https://oedb.jp,10.1038/s41524-026-02093-y,2026-05-11,Li,TfO,GBL,1.75
exp-1493,,OEDB experimental Raman,experimental_raman_index,https://oedb.jp,10.1038/s41524-026-02093-y,2026-05-11,Li,TfO,GBL,2.0
exp-1494,,OEDB experimental Raman,experimental_raman_index,https://oedb.jp,10.1038/s41524-026-02093-y,2026-05-11,Li,TfO,GBL,2.25
exp-1495,,OEDB experimental Raman,experimental_raman_index,https://oedb.jp,10.1038/s41524-026-02093-y,2026-05-11,Li,TfO,GBL,2.5
exp-1496,,OEDB experimental Raman,experimental_raman_index,https://oedb.jp,10.1038/s41524-026-02093-y,2026-05-11,Li,TfO,GBL,2.75
exp-1497,,OEDB experimental Raman,experimental_raman_index,https://oedb.jp,10.1038/s41524-026-02093-y,2026-05-11,Li,TfO,GBL,3.0
exp-1498,,OEDB experimental Raman,experimental_raman_index,https://oedb.jp,10.1038/s41524-026-02093-y,2026-05-11,Li,TfO,GBL,3.25
exp-1499,,OEDB experimental Raman,experimental_raman_index,https://oedb.jp,10.1038/s41524-026-02093-y,2026-05-11,Li,TfO,GBL,3.5
exp-1500,,OEDB experimental Raman,experimental_raman_index,https://oedb.jp,10.1038/s41524-026-02093-y,2026-05-11,Li,TfO,GN,0.25
exp-1501,,OEDB experimental Raman,experimental_raman_index,https://oedb.jp,10.1038/s41524-026-02093-y,2026-05-11,Li,TfO,GN,0.5
exp-1502,,OEDB experimental Raman,experimental_raman_index,https://oedb.jp,10.1038/s41524-026-02093-y,2026-05-11,Li,TfO,GN,0.75
exp-1503,,OEDB experimental Raman,experimental_raman_index,https://oedb.jp,10.1038/s41524-026-02093-y,2026-05-11,Li,TfO,GN,1.0
exp-1504,,OEDB experimental Raman,experimental_raman_index,https://oedb.jp,10.1038/s41524-026-02093-y,2026-05-11,Li,TfO,MSL,0.25
exp-1505,,OEDB experimental Raman,experimental_raman_index,https://oedb.jp,10.1038/s41524-026-02093-y,2026-05-11,Li,TfO,MSL,0.5
exp-1506,,OEDB experimental Raman,experimental_raman_index,https://oedb.jp,10.1038/s41524-026-02093-y,2026-05-11,Li,TfO,MSL,0.75
exp-1507,,OEDB experimental Raman,experimental_raman_index,https://oedb.jp,10.1038/s41524-026-02093-y,2026-05-11,Li,TfO,MSL,1.0
exp-1508,,OEDB experimental Raman,experimental_raman_index,https://oedb.jp,10.1038/s41524-026-02093-y,2026-05-11,Li,TfO,MSL,1.25
exp-1509,,OEDB experimental Raman,experimental_raman_index,https://oedb.jp,10.1038/s41524-026-02093-y,2026-05-11,Li,TfO,PC,0.25
exp-1510,,OEDB experimental Raman,experimental_raman_index,https://oedb.jp,10.1038/s41524-026-02093-y,2026-05-11,Li,TfO,PC,0.5
exp-1511,,OEDB experimental Raman,experimental_raman_index,https://oedb.jp,10.1038/s41524-026-02093-y,2026-05-11,Li,TfO,PC,0.75
exp-1512,,OEDB experimental Raman,experimental_raman_index,https://oedb.jp,10.1038/s41524-026-02093-y,2026-05-11,Li,TfO,PC,1.0
exp-1513,,OEDB experimental Raman,experimental_raman_index,https://oedb.jp,10.1038/s41524-026-02093-y,2026-05-11,Li,TfO,PC,1.25
exp-1514,,OEDB experimental Raman,experimental_raman_index,https://oedb.jp,10.1038/s41524-026-02093-y,2026-05-11,Li,TfO,PC,1.5
exp-1515,,OEDB experimental Raman,experimental_raman_index,https://oedb.jp,10.1038/s41524-026-02093-y,2026-05-11,Li,TfO,PC,1.75
exp-1516,,OEDB experimental Raman,experimental_raman_index,https://oedb.jp,10.1038/s41524-026-02093-y,2026-05-11,Li,TfO,PC,2.0
exp-1517,,OEDB experimental Raman,experimental_raman_index,https://oedb.jp,10.1038/s41524-026-02093-y,2026-05-11,Li,TfO,PC,2.25
exp-1518,,OEDB experimental Raman,experimental_raman_index,https://oedb.jp,10.1038/s41524-026-02093-y,2026-05-11,Li,TfO,PC,2.5
exp-1519,,OEDB experimental Raman,experimental_raman_index,https://oedb.jp,10.1038/s41524-026-02093-y,2026-05-11,Li,TfO,SL,0.25
exp-1520,,OEDB experimental Raman,experimental_raman_index,https://oedb.jp,10.1038/s41524-026-02093-y,2026-05-11,Li,TfO,SL,0.5
exp-1521,,OEDB experimental Raman,experimental_raman_index,https://oedb.jp,10.1038/s41524-026-02093-y,2026-05-11,Li,TfO,SL,0.75
exp-1522,,OEDB experimental Raman,experimental_raman_index,https://oedb.jp,10.1038/s41524-026-02093-y,2026-05-11,Li,TfO,SL,1.0
exp-1523,,OEDB experimental Raman,experimental_raman_index,https://oedb.jp,10.1038/s41524-026-02093-y,2026-05-11,Li,TfO,SL,1.25
exp-1524,,OEDB experimental Raman,experimental_raman_index,https://oedb.jp,10.1038/s41524-026-02093-y,2026-05-11,Li,TfO,SL,1.5
exp-1525,,OEDB experimental Raman,experimental_raman_index,https://oedb.jp,10.1038/s41524-026-02093-y,2026-05-11,Li,TfO,TEP,0.25
exp-1526,,OEDB experimental Raman,experimental_raman_index,https://oedb.jp,10.1038/s41524-026-02093-y,2026-05-11,Li,TfO,TEP,0.5
exp-1527,,OEDB experimental Raman,experimental_raman_index,https://oedb.jp,10.1038/s41524-026-02093-y,2026-05-11,Li,TfO,TEP,0.75
exp-1528,,OEDB experimental Raman,experimental_raman_index,https://oedb.jp,10.1038/s41524-026-02093-y,2026-05-11,Li,TfO,TEP,1.0
exp-1529,,OEDB experimental Raman,experimental_raman_index,https://oedb.jp,10.1038/s41524-026-02093-y,2026-05-11,Li,TfO,TEP,1.25
exp-1530,,OEDB experimental Raman,experimental_raman_index,https://oedb.jp,10.1038/s41524-026-02093-y,2026-05-11,Li,TfO,TEP,1.5
exp-1531,,OEDB experimental Raman,experimental_raman_index,https://oedb.jp,10.1038/s41524-026-02093-y,2026-05-11,Li,TfO,TEP,1.75
exp-1532,,OEDB experimental Raman,experimental_raman_index,https://oedb.jp,10.1038/s41524-026-02093-y,2026-05-11,Li,TfO,TEP,2.0
exp-1533,,OEDB experimental Raman,experimental_raman_index,https://oedb.jp,10.1038/s41524-026-02093-y,2026-05-11,Li,TfO,TEP,2.25
exp-1534,,OEDB experimental Raman,experimental_raman_index,https://oedb.jp,10.1038/s41524-026-02093-y,2026-05-11,Li,TfO,THF,0.25
exp-1535,,OEDB experimental Raman,experimental_raman_index,https://oedb.jp,10.1038/s41524-026-02093-y,2026-05-11,Li,TfO,THF,0.5
exp-1536,,OEDB experimental Raman,experimental_raman_index,https://oedb.jp,10.1038/s41524-026-02093-y,2026-05-11,Li,TfO,THF,0.75
exp-1537,,OEDB experimental Raman,experimental_raman_index,https://oedb.jp,10.1038/s41524-026-02093-y,2026-05-11,Li,TfO,THF,1.0
exp-1538,,OEDB experimental Raman,experimental_raman_index,https://oedb.jp,10.1038/s41524-026-02093-y,2026-05-11,Li,TfO,THF,1.25
exp-1539,,OEDB experimental Raman,experimental_raman_index,https://oedb.jp,10.1038/s41524-026-02093-y,2026-05-11,Li,TfO,THF,1.5
exp-1540,,OEDB experimental Raman,experimental_raman_index,https://oedb.jp,10.1038/s41524-026-02093-y,2026-05-11,Li,TfO,THF,1.75
exp-1541,,OEDB experimental Raman,experimental_raman_index,https://oedb.jp,10.1038/s41524-026-02093-y,2026-05-11,Li,TfO,THF,2.0
exp-1542,,OEDB experimental Raman,experimental_raman_index,https://oedb.jp,10.1038/s41524-026-02093-y,2026-05-11,Li,TfO,THF,2.25
exp-1543,,OEDB experimental Raman,experimental_raman_index,https://oedb.jp,10.1038/s41524-026-02093-y,2026-05-11,Li,TfO,THF,2.5
exp-1544,,OEDB experimental Raman,experimental_raman_index,https://oedb.jp,10.1038/s41524-026-02093-y,2026-05-11,Li,TfO,THF,2.75
exp-1545,,OEDB experimental Raman,experimental_raman_index,https://oedb.jp,10.1038/s41524-026-02093-y,2026-05-11,Li,TfO,THF,3.0
exp-1546,,OEDB experimental Raman,experimental_raman_index,https://oedb.jp,10.1038/s41524-026-02093-y,2026-05-11,Li,TfO,THF,3.25
exp-1547,,OEDB experimental Raman,experimental_raman_index,https://oedb.jp,10.1038/s41524-026-02093-y,2026-05-11,Li,TfO,THF,3.5
exp-1548,,OEDB experimental Raman,experimental_raman_index,https://oedb.jp,10.1038/s41524-026-02093-y,2026-05-11,Li,TfO,THP,0.25
exp-1549,,OEDB experimental Raman,experimental_raman_index,https://oedb.jp,10.1038/s41524-026-02093-y,2026-05-11,Li,TfO,THP,0.5
exp-1550,,OEDB experimental Raman,experimental_raman_index,https://oedb.jp,10.1038/s41524-026-02093-y,2026-05-11,Li,TfO,THP,0.75
exp-1551,,OEDB experimental Raman,experimental_raman_index,https://oedb.jp,10.1038/s41524-026-02093-y,2026-05-11,Li,TfO,THP,1.0
exp-1552,,OEDB experimental Raman,experimental_raman_index,https://oedb.jp,10.1038/s41524-026-02093-y,2026-05-11,Li,TfO,TMP,0.25
exp-1553,,OEDB experimental Raman,experimental_raman_index,https://oedb.jp,10.1038/s41524-026-02093-y,2026-05-11,Li,TfO,TMP,0.5
exp-1554,,OEDB experimental Raman,experimental_raman_index,https://oedb.jp,10.1038/s41524-026-02093-y,2026-05-11,Li,TfO,TMP,0.75
exp-1555,,OEDB experimental Raman,experimental_raman_index,https://oedb.jp,10.1038/s41524-026-02093-y,2026-05-11,Li,TfO,TMP,1.0
exp-1556,,OEDB experimental Raman,experimental_raman_index,https://oedb.jp,10.1038/s41524-026-02093-y,2026-05-11,Li,TfO,TMP,1.25
exp-1557,,OEDB experimental Raman,experimental_raman_index,https://oedb.jp,10.1038/s41524-026-02093-y,2026-05-11,Li,TfO,TMP,1.5
exp-1558,,OEDB experimental Raman,experimental_raman_index,https://oedb.jp,10.1038/s41524-026-02093-y,2026-05-11,Li,TfO,TMP,1.75
exp-1559,,OEDB experimental Raman,experimental_raman_index,https://oedb.jp,10.1038/s41524-026-02093-y,2026-05-11,Li,TfO,TMP,2.0
exp-1560,,OEDB experimental Raman,experimental_raman_index,https://oedb.jp,10.1038/s41524-026-02093-y,2026-05-11,Li,TfO,TMP,2.25
